candidate_label,mean_knn_distance
AHA_Plate001_1_005007,0.4127428
ALB_Plate010_1_007021,0.39412886
ALB_Plate013_005012,0.34250396
AHA_Plate008_005021,0.31785202
AHA_Plate008_005005,0.31225166
AHA_Plate009_1_016009,0.2981609
AHA_Plate009_1_015002,0.2925528
ALB_Plate003_014018,0.27013022
AHA_Plate001_1_009010,0.26892263
AHA_Plate009_1_003002,0.26149595
ALB_Plate003_012007,0.25287056
AEC_Plate020_006004,0.2519347
ALB_Plate008_006016,0.24712236
AHA_Plate009_1_015001,0.24387643
ALB_Plate010_2_007021,0.22990337
AHA_Plate009_1_001003,0.22891946
AHA_Plate008_015016,0.22148375
AHA_Plate009_1_003001,0.21385534
AHA_Plate006_004004,0.2083992
AHA_Plate006_016008,0.19919929
AHA_Plate001_2_005007,0.18767074
AHA_Plate007_1_015021,0.18313935
AHA_Plate009_2_016009,0.1826985
AHA_Plate010_011019,0.17832765
AHA_Plate008_001009,0.17181131
AHA_Plate006_014010,0.16823101
AHA_Plate009_2_015010,0.16488461
AHA_Plate009_2_001003,0.15339045
ALB_Plate011_2_003018,0.15016136
AHA_Plate009_1_015010,0.1493852
ALB_Plate012_004011,0.13939495
ALB_Plate017_001015,0.13677481
AEB_Plate044_005020,0.1259393
AHA_Plate001_2_009010,0.11986585
AHA_Plate006_004010,0.11795636
ALB_Plate011_1_003018,0.112684056
AEB_Plate019_002013,0.10309814
ALB_Plate011_2_011016,0.10200192
AHA_Plate004_013010,0.0985853
AHA_Plate009_1_007007,0.097039774
AHA_Plate001_2_008019,0.090969965
ALB_Plate013_014012,0.089386076
ALB_Plate011_2_008007,0.08087017
ALB_Plate023_1_013017,0.07852678
ALB_Plate002_2_013007,0.076686904
ALB_Plate003_002022,0.074851334
AHA_Plate007_1_016011,0.07137655
ALB_Plate011_1_008007,0.06950066
ALB_Plate006_013016,0.06592919
ALB_Plate011_1_011016,0.06407784
ALB_Plate006_007014,0.062699705
ALB_Plate002_1_013007,0.06018405
AEC_Plate016_006020,0.059979282
ALB_Plate013_015005,0.059973747
AHA_Plate010_009017,0.05976392
ALB_Plate001_1_006019,0.05659952
AHA_Plate008_015009,0.055942904
AHA_Plate002_002020,0.053328246
ALB_Plate020_004007,0.053224124
ALB_Plate022_2_008016,0.053086292
AEB_Plate017_011009,0.05308084
AEB_Plate047_002008,0.05152818
ALB_Plate001_2_003007,0.051460408
AHA_Plate008_001007,0.05069231
ALB_Plate002_1_008009,0.04803162
AHA_Plate007_1_001003,0.04707737
ALB_Plate023_2_013017,0.04493776
ALB_Plate021_007015,0.04484858
ALB_Plate003_006021,0.044451058
ALB_Plate002_1_009005,0.04382778
AHA_Plate003_010015,0.04362002
ALB_Plate012_016005,0.04309706
ALB_Plate001_1_003007,0.042796485
ALB_Plate022_1_008016,0.042105157
AEB_Plate034_015017,0.04063831
ALB_Plate023_1_008019,0.039507665
ALB_Plate003_016020,0.039252132
ALB_Plate018_001013,0.037740894
ALB_Plate012_008007,0.03772851
AHA_Plate006_003019,0.037481397
ALB_Plate006_005014,0.036891438
ALB_Plate025_009015,0.036569674
AHA_Plate009_1_005001,0.03535679
AHA_Plate009_1_005002,0.03473518
ALB_Plate011_2_015016,0.03421282
AHA_Plate008_008019,0.031481504
AHA_Plate009_1_007017,0.03133761
ALB_Plate018_011013,0.029833162
ALB_Plate017_011004,0.028774178
ALB_Plate015_001005,0.028562898
ALB_Plate021_012022,0.02794497
AHA_Plate009_1_003003,0.027347982
ALB_Plate017_001004,0.027220916
AEC_Plate005_001014,0.02715066
AEB_Plate017_014023,0.026601702
ALB_Plate006_011014,0.026217598
AHA_Plate007_1_006008,0.02605012
ALB_Plate011_1_007012,0.0253681
ALB_Plate017_007017,0.025014114
AEC_Plate026_2_014013,0.024448097
AHA_Plate009_2_007017,0.02420885
AHA_Plate007_1_003011,0.024169916
AHA_Plate004_008022,0.023855811
AEC_Plate026_1_014013,0.022480011
ALB_Plate025_006020,0.022406202
AHA_Plate010_009009,0.0223001
ALB_Plate022_1_015003,0.022185672
AHA_Plate005_009011,0.022129934
ALB_Plate011_1_015016,0.021082764
ALB_Plate011_2_007012,0.020100886
AHA_Plate009_1_009002,0.019476796
AHA_Plate011_1_005001,0.019150525
ALB_Plate018_009013,0.018732727
AHA_Plate007_1_012015,0.018491363
AHA_Plate007_1_010018,0.018060232
AHA_Plate011_1_005002,0.017278815
AEB_Plate037_014002,0.017149251
ALB_Plate012_001007,0.017101372
AHA_Plate001_1_001017,0.016938586
ALB_Plate008_001008,0.01633491
AEB_Plate024_013024,0.016010517
ALB_Plate012_006010,0.015954774
ALB_Plate013_016012,0.01583011
ALB_Plate010_1_012008,0.015222609
AEC_Plate025_011010,0.014852852
AHA_Plate005_004003,0.01479764
AHA_Plate009_1_009001,0.014697778
AHA_Plate007_1_002018,0.014508056
AHA_Plate008_003005,0.014423871
ALB_Plate018_005011,0.014361143
AHA_Plate001_1_003009,0.014283913
AHA_Plate009_1_007002,0.014264864
ALB_Plate011_2_002009,0.013724553
AHA_Plate011_1_005024,0.013679641
AHA_Plate011_1_005023,0.013632518
AHA_Plate002_006003,0.013506341
ALB_Plate016_006010,0.013379127
AEC_Plate004_005012,0.01325869
AEB_Plate021_005024,0.012937981
AHA_Plate001_2_006015,0.012659979
ALB_Plate020_004022,0.012570357
AHA_Plate009_2_007007,0.012539035
AHA_Plate009_1_011002,0.012489301
AEB_Plate025_014001,0.012432563
ALB_Plate013_010018,0.01230371
AHA_Plate010_003003,0.012167859
AHA_Plate009_1_013001,0.011881662
AHA_Plate008_008008,0.01161434
AHA_Plate009_1_011001,0.011565089
ALB_Plate018_003013,0.0115568815
AHA_Plate003_008015,0.01132899
ALB_Plate022_1_010009,0.011251956
AHA_Plate008_007009,0.011062783
AHA_Plate004_011017,0.0110606905
AEB_Plate021_005023,0.011054004
ALB_Plate002_2_008009,0.010998601
ALB_Plate018_003015,0.01091364
AEB_Plate025_014024,0.010823864
AHA_Plate009_1_013002,0.010653282
AHA_Plate002_009007,0.010411697
AHA_Plate011_2_001003,0.010287488
AHA_Plate003_008013,0.010132497
ALB_Plate003_004006,0.009987426
AHA_Plate009_1_005023,0.009955943
AHA_Plate008_010005,0.009760571
ALB_Plate012_008009,0.009675318
AHA_Plate009_1_001001,0.009633303
AHA_Plate001_1_008019,0.009617925
AHA_Plate006_002003,0.009605599
AHA_Plate011_1_001003,0.009427017
ALB_Plate014_010017,0.009419036
AEB_Plate024_011008,0.009376556
ALB_Plate023_2_004016,0.009257776
AHA_Plate010_014023,0.0092025455
AEB_Plate020_005001,0.009097618
AEC_Plate030_1_016024,0.009023661
ALB_Plate018_007015,0.008940739
AEB_Plate015_015013,0.008920938
AHA_Plate002_009012,0.008905143
AHA_Plate001_2_008009,0.00882023
AEB_Plate004_016001,0.008723313
AEB_Plate045_002012,0.008708173
ALB_Plate010_2_004009,0.008696574
AHA_Plate009_1_007001,0.008544517
AHA_Plate001_1_003007,0.008373529
AHA_Plate009_1_005024,0.008263993
AHA_Plate001_2_003012,0.008263731
AEB_Plate040_010009,0.008180964
AHA_Plate001_1_007005,0.008179265
ALB_Plate018_009011,0.0080987215
ALB_Plate018_013013,0.007971001
AEB_Plate034_014015,0.007892269
ALB_Plate011_1_002009,0.007809031
AHA_Plate006_016021,0.0077665984
AHA_Plate006_012007,0.0077536465
ALB_Plate022_2_015003,0.0077507435
AEB_Plate005_012016,0.007526624
AHA_Plate005_006011,0.007510066
AHA_Plate009_2_003003,0.007484102
ALB_Plate010_1_004009,0.0074429987
ALB_Plate001_2_014010,0.007381797
AEB_Plate025_014002,0.0071954727
AHA_Plate009_1_009005,0.007178694
AHA_Plate001_1_007003,0.0071168304
AHA_Plate011_1_006001,0.007115376
ALB_Plate022_2_005024,0.007077527
AHA_Plate001_1_011019,0.00701949
ALB_Plate003_012005,0.0070018647
AHA_Plate004_016003,0.0069636283
ALB_Plate024_004010,0.006946939
AEB_Plate025_014023,0.00693506
AHA_Plate009_1_011003,0.006873411
AEC_Plate002_014024,0.00682655
AHA_Plate001_2_011019,0.006804222
AEC_Plate032_016002,0.006604296
ALB_Plate022_2_005002,0.0064209164
AHA_Plate001_1_003012,0.0064093173
AHA_Plate010_011015,0.006399727
ALB_Plate003_008003,0.006398678
AHA_Plate007_1_003013,0.0062672137
AHA_Plate003_011011,0.0062099816
AEC_Plate021_004018,0.0061962726
AHA_Plate008_015013,0.0059967698
ALB_Plate023_1_004016,0.0059901415
AEB_Plate021_014024,0.0059705735
ALB_Plate008_003016,0.0059644044
ALB_Plate022_1_008015,0.005924958
AHA_Plate008_001019,0.0058930516
AHA_Plate006_003015,0.0058288635
ALB_Plate001_1_009008,0.005787343
AEB_Plate029_2_002013,0.005762684
ALB_Plate022_2_008015,0.005760354
AHA_Plate011_1_015002,0.0057576597
ALB_Plate022_1_002007,0.005757147
AEC_Plate023_011013,0.005702323
AEC_Plate030_1_016001,0.0056947647
AHA_Plate009_1_010002,0.0056797145
AHA_Plate005_008005,0.0056539415
ALB_Plate002_2_009005,0.0056311428
ALB_Plate022_1_014009,0.0055459975
AEB_Plate026_011021,0.005502826
ALB_Plate013_005003,0.0054858685
ALB_Plate019_002018,0.0054660677
AEB_Plate021_014023,0.0054272055
ALB_Plate018_009015,0.0053253053
AHA_Plate008_016019,0.0052447915
AHA_Plate001_1_008009,0.0052289725
AHA_Plate006_007004,0.005216235
AHA_Plate003_009003,0.005176091
ALB_Plate006_015016,0.005162495
ALB_Plate001_1_014010,0.0051489174
AEB_Plate048_003003,0.005085057
AHA_Plate007_1_008020,0.005072385
AEB_Plate030_2_010011,0.005045873
AEC_Plate007_005022,0.0049872696
ALB_Plate022_2_005023,0.0049237073
AEB_Plate015_003003,0.004877138
ALB_Plate008_004013,0.004847509
ALB_Plate022_2_005001,0.0047745467
AHA_Plate008_003019,0.004756677
ALB_Plate023_1_010019,0.004727447
ALB_Plate011_2_013003,0.0047214567
AEB_Plate037_016022,0.004676348
AHA_Plate001_2_016001,0.0045874775
ALB_Plate023_1_016017,0.0045723794
ALB_Plate023_2_008019,0.0045572342
ALB_Plate022_1_014023,0.0045186044
AHA_Plate006_016005,0.004516393
ALB_Plate001_1_012004,0.0044724224
AHA_Plate006_015004,0.0044528367
AEB_Plate017_010017,0.004440361
ALB_Plate021_014015,0.004408491
ALB_Plate017_001006,0.004400027
AHA_Plate001_2_003007,0.0043133376
AEB_Plate057_005022,0.0043036817
ALB_Plate010_1_002009,0.0042719482
ALB_Plate022_1_016005,0.004271942
ALB_Plate022_1_006007,0.004203403
AHA_Plate001_2_007003,0.004198098
ALB_Plate001_2_009008,0.0041857124
AEB_Plate012_014023,0.0041449247
AEC_Plate010_014009,0.0041327896
AEC_Plate029_005001,0.0041095256
AEC_Plate030_2_016024,0.004099411
AHA_Plate001_1_006015,0.0040626107
ALB_Plate017_015004,0.0040322244
AHA_Plate009_2_005002,0.004028356
ALB_Plate003_006003,0.0040133954
ALB_Plate010_1_011017,0.004003388
AEB_Plate030_1_011015,0.0039464235
ALB_Plate022_1_008009,0.003941649
AHA_Plate001_1_009003,0.003913385
ALB_Plate012_016007,0.0038826466
AHA_Plate005_005017,0.0038348972
ALB_Plate010_1_010008,0.0038099228
AEB_Plate024_014024,0.003746301
AEC_Plate030_1_016023,0.003696227
ALB_Plate010_2_012008,0.003682953
AHA_Plate008_002021,0.0036805451
AHA_Plate010_007003,0.0036741258
AHA_Plate001_2_016024,0.0036711157
AHA_Plate001_2_003009,0.003632903
ALB_Plate023_1_016013,0.0035860718
AEC_Plate030_2_011005,0.0035411299
ALB_Plate025_006017,0.0035410286
ALB_Plate013_009016,0.0035283447
AHA_Plate006_014005,0.0035252334
AHA_Plate009_1_006001,0.0034814836
ALB_Plate011_1_014012,0.0034710646
AHA_Plate009_1_009006,0.0034708858
AEC_Plate011_014003,0.0034638464
ALB_Plate013_014018,0.0034313202
ALB_Plate018_001015,0.0034273923
AEB_Plate043_006018,0.0034258603
ALB_Plate008_008013,0.0034247816
AEB_Plate062_005023,0.003423369
AHA_Plate001_1_015003,0.0034224987
AHA_Plate001_2_007005,0.0034209013
AEB_Plate021_005001,0.0034011423
ALB_Plate011_1_004005,0.0033976436
ALB_Plate001_2_012004,0.003396821
AHA_Plate005_014019,0.0033819973
AHA_Plate011_1_013001,0.0033813952
AHA_Plate004_007021,0.0033715903
AEC_Plate015_014013,0.0033639788
AHA_Plate006_001017,0.0033464134
ALB_Plate022_1_014007,0.003296864
AEB_Plate030_2_011015,0.0032726347
AEB_Plate018_015023,0.0032648384
AEC_Plate032_016024,0.003262025
AHA_Plate009_1_010001,0.0032549084
AHA_Plate001_1_007016,0.0032509149
AEC_Plate030_2_016023,0.0032260597
ALB_Plate025_006018,0.0032188178
AEB_Plate006_011008,0.0032141148
ALB_Plate017_007003,0.0032064915
AHA_Plate009_2_005023,0.003183943
ALB_Plate025_012014,0.0031795502
ALB_Plate010_2_011017,0.0031732202
ALB_Plate018_005013,0.003158182
ALB_Plate010_2_016007,0.0031551241
ALB_Plate013_003015,0.0031332313
ALB_Plate010_2_002009,0.0031258701
AEB_Plate031_014024,0.0030826032
ALB_Plate022_2_005016,0.0030810237
AHA_Plate001_1_003019,0.0030676662
AEB_Plate018_014016,0.0030042827
ALB_Plate023_2_005001,0.002982968
AEB_Plate019_006023,0.0029827356
AHA_Plate008_014010,0.0029821456
AHA_Plate006_005006,0.0029407442
AHA_Plate008_007005,0.0028596104
ALB_Plate013_014017,0.002839303
ALB_Plate022_1_016024,0.0028369664
ALB_Plate006_003022,0.0028103353
ALB_Plate011_2_004005,0.0027670502
AHA_Plate002_004014,0.002746618
AEC_Plate007_003016,0.0027350546
ALB_Plate022_2_010009,0.0027267516
ALB_Plate006_001022,0.002720785
AEC_Plate021_013008,0.002714026
AHA_Plate001_1_004024,0.0027133524
AEC_Plate002_005023,0.0027132512
ALB_Plate010_1_016007,0.0026823103
AHA_Plate001_1_003002,0.0026308596
ALB_Plate023_2_005023,0.0026179552
AHA_Plate006_010016,0.0025671541
ALB_Plate014_008022,0.0025399327
ALB_Plate024_001021,0.0025360167
AHA_Plate001_1_015011,0.0025282502
ALB_Plate017_014024,0.0025236546
ALB_Plate012_016010,0.0025097192
AEB_Plate038_002010,0.0024796724
ALB_Plate024_013020,0.0024698258
AHA_Plate009_1_006002,0.0024502636
ALB_Plate017_010011,0.0024316728
ALB_Plate001_1_003015,0.0024180352
AEC_Plate030_2_016001,0.0024038434
AHA_Plate002_004020,0.0023992658
ALB_Plate022_2_001020,0.002395165
AHA_Plate009_1_013005,0.0023920238
AHA_Plate003_009008,0.002388078
ALB_Plate023_2_005024,0.0023822426
ALB_Plate011_1_013003,0.0023810924
AHA_Plate001_1_002017,0.0023724914
AEC_Plate006_008004,0.0023633658
AHA_Plate011_1_014002,0.0023513199
AEB_Plate057_016002,0.0023326874
AEC_Plate009_010001,0.0023167015
AEB_Plate008_005022,0.002315867
AEB_Plate026_005002,0.002310759
AEB_Plate035_2_010003,0.0023101508
AHA_Plate008_009010,0.002301848
ALB_Plate006_010003,0.0022946536
AHA_Plate001_2_002017,0.0022870898
AEB_Plate009_006001,0.0022718727
AHA_Plate007_1_011006,0.0022368133
AHA_Plate009_1_014002,0.0022143007
AEC_Plate015_003016,0.002187109
ALB_Plate010_2_006020,0.00218032
ALB_Plate008_010012,0.002179575
ALB_Plate013_002014,0.0021716356
AEC_Plate030_2_016002,0.0021574616
AEC_Plate002_016015,0.0021499873
AHA_Plate007_1_016018,0.0021443008
AHA_Plate001_2_011007,0.0021425248
AEB_Plate033_015022,0.0021416605
ALB_Plate024_009008,0.0021373213
ALB_Plate024_005001,0.0021350682
AHA_Plate011_2_005024,0.0021180094
AEB_Plate003_013010,0.0021130145
AEB_Plate035_2_005008,0.0021117628
ALB_Plate017_009005,0.0021113337
AHA_Plate009_1_004001,0.0021105886
ALB_Plate015_008003,0.0020886778
AEC_Plate026_2_004002,0.0020796836
ALB_Plate022_2_006007,0.0020777106
AHA_Plate001_2_009003,0.0020741224
AHA_Plate009_1_009007,0.0020720481
ALB_Plate011_1_008008,0.0020702959
ALB_Plate001_2_016010,0.0020616353
AEC_Plate031_016024,0.0020466268
AEB_Plate023_003023,0.0020263076
AHA_Plate011_2_005023,0.0020086705
AEB_Plate054_008024,0.0019908547
AEB_Plate029_1_002013,0.0019861101
ALB_Plate011_2_012005,0.0019810498
AEB_Plate006_006001,0.00197528
ALB_Plate022_2_008011,0.0019489706
ALB_Plate023_2_016013,0.0019364596
AEC_Plate030_1_016002,0.0019284964
ALB_Plate012_004014,0.0019281447
AHA_Plate001_1_016023,0.0019004643
ALB_Plate018_007020,0.0018993318
ALB_Plate022_1_005016,0.0018952668
AEB_Plate001_016001,0.0018849015
AEC_Plate029_015016,0.0018788815
ALB_Plate001_1_016010,0.0018767833
ALB_Plate022_1_005001,0.0018753946
ALB_Plate012_007007,0.0018750608
AHA_Plate001_1_011003,0.0018714964
AEB_Plate030_1_010011,0.0018703162
AEC_Plate005_009011,0.0018671155
AHA_Plate001_2_003019,0.0018598258
ALB_Plate023_1_005024,0.0018596232
AEC_Plate029_005023,0.0018533409
AHA_Plate010_005009,0.0018531978
ALB_Plate001_2_003015,0.001851803
ALB_Plate011_2_014012,0.0018449544
ALB_Plate022_2_004013,0.0018429637
AEB_Plate024_014023,0.0018410444
ALB_Plate012_009005,0.0018404305
AEB_Plate023_003002,0.0018350541
AHA_Plate003_016015,0.0018325031
AHA_Plate009_1_014023,0.0018302978
ALB_Plate006_013022,0.0018283069
AHA_Plate008_013015,0.0018221021
ALB_Plate001_2_015019,0.0018133819
AHA_Plate001_2_007009,0.0018126369
ALB_Plate022_2_016023,0.0018099069
AHA_Plate009_1_010024,0.001800102
AHA_Plate011_1_003001,0.001800096
AHA_Plate001_2_011003,0.0017963469
ALB_Plate022_2_002002,0.0017916679
ALB_Plate020_006015,0.0017897487
ALB_Plate022_2_014023,0.0017895341
ALB_Plate011_2_001003,0.0017881751
AHA_Plate010_016002,0.0017771662
AEB_Plate002_016001,0.001774627
ALB_Plate018_015018,0.0017744184
AEB_Plate016_011005,0.00176543
AEB_Plate021_004001,0.0017599523
AHA_Plate001_1_004001,0.0017579377
ALB_Plate011_1_001003,0.0017517746
AEB_Plate027_010003,0.0017468691
AEB_Plate038_006001,0.0017354548
ALB_Plate001_2_016001,0.0017267704
ALB_Plate003_014021,0.00172382
AEB_Plate006_006002,0.0017219007
ALB_Plate006_008007,0.001718849
ALB_Plate025_005001,0.0017162025
AHA_Plate001_1_003001,0.001680535
AHA_Plate008_003011,0.0016804874
ALB_Plate002_2_008008,0.0016738474
AEC_Plate002_005001,0.0016649186
AHA_Plate011_1_014001,0.0016548872
ALB_Plate011_2_008008,0.0016349435
ALB_Plate025_014006,0.0016347229
AHA_Plate001_1_003024,0.0016346216
AHA_Plate010_001017,0.001634115
ALB_Plate002_1_016012,0.0016280592
ALB_Plate010_2_011005,0.0016271651
ALB_Plate003_010020,0.0016209602
ALB_Plate002_2_007004,0.0016165494
AEB_Plate001_016024,0.0016157866
AEB_Plate025_016024,0.0016150356
ALB_Plate001_1_016024,0.0016132414
ALB_Plate011_2_016022,0.0015909731
AHA_Plate008_010008,0.0015743017
ALB_Plate022_2_006011,0.0015728355
AEC_Plate031_016001,0.0015699982
ALB_Plate017_012011,0.0015591026
ALB_Plate018_005003,0.0015590906
ALB_Plate023_1_007013,0.0015585959
AHA_Plate001_2_006013,0.0015569091
AHA_Plate002_010007,0.0015556335
AEB_Plate024_006017,0.0015443802
AHA_Plate009_1_014001,0.0015400052
AEB_Plate057_005024,0.0015395165
ALB_Plate023_2_003011,0.0015395104
ALB_Plate022_2_016024,0.0015360474
AHA_Plate001_2_005001,0.0015351952
AHA_Plate001_2_015015,0.0015351534
AHA_Plate010_013019,0.0015328825
AHA_Plate011_2_005001,0.0015278399
AEB_Plate035_2_007012,0.0015189409
AHA_Plate001_1_011007,0.0015159547
ALB_Plate024_005002,0.0014988005
ALB_Plate022_2_016008,0.0014956712
ALB_Plate022_1_001020,0.0014925062
AEC_Plate030_2_006016,0.0014911055
ALB_Plate017_003005,0.0014900028
ALB_Plate015_015004,0.0014879524
AEB_Plate024_013023,0.0014852167
AEB_Plate019_010017,0.00147596
ALB_Plate010_2_009004,0.0014749349
AEC_Plate025_004001,0.0014734864
ALB_Plate011_2_006016,0.0014708877
ALB_Plate023_2_006005,0.0014659226
ALB_Plate022_2_008002,0.001464057
AEC_Plate027_012017,0.0014606655
AHA_Plate010_005007,0.001459372
ALB_Plate017_001011,0.0014576673
AHA_Plate010_007007,0.0014564693
AEB_Plate044_016024,0.0014474809
AEB_Plate002_016024,0.001443243
AHA_Plate001_2_015003,0.0014389455
ALB_Plate023_2_008002,0.001437533
AHA_Plate002_007018,0.0014364005
AHA_Plate007_2_006020,0.0014363944
ALB_Plate023_2_001008,0.0014352441
AHA_Plate011_1_003002,0.001432395
AEC_Plate002_005002,0.001428777
AEB_Plate043_014005,0.0014232993
AHA_Plate007_1_005005,0.0014217973
ALB_Plate023_2_007013,0.001416564
AEC_Plate032_016001,0.0014158667
AHA_Plate001_1_003023,0.0014108121
AHA_Plate001_2_015011,0.0014086962
AHA_Plate007_1_012020,0.0014064312
ALB_Plate003_004001,0.0014025688
ALB_Plate021_006001,0.0014000952
ALB_Plate023_2_010019,0.001399237
AEB_Plate056_006001,0.0013987779
AEB_Plate024_012014,0.001392585
AHA_Plate004_005024,0.0013840258
ALB_Plate001_2_001014,0.0013739407
ALB_Plate023_1_003011,0.0013687909
AHA_Plate001_1_016001,0.001366955
ALB_Plate022_2_014024,0.0013607859
AEC_Plate002_014001,0.0013538658
AHA_Plate011_1_015001,0.0013508201
ALB_Plate022_2_014001,0.0013505518
ALB_Plate011_2_005012,0.0013468445
AEB_Plate032_004013,0.0013458788
ALB_Plate002_1_016023,0.0013458133
ALB_Plate024_016024,0.0013441801
AHA_Plate002_005022,0.0013418794
ALB_Plate002_2_004002,0.0013408602
AEB_Plate027_016004,0.001337558
AEB_Plate021_004002,0.0013331115
AHA_Plate009_1_015007,0.0013324439
ALB_Plate023_2_016002,0.0013275743
AHA_Plate008_013006,0.0013270974
ALB_Plate023_2_014017,0.0013190508
AEB_Plate002_016023,0.0013182461
AHA_Plate007_2_001022,0.0013180434
ALB_Plate023_2_016023,0.0013179302
AEB_Plate001_002013,0.0013172865
AEB_Plate042_002017,0.0013172745
AEB_Plate008_006001,0.0013137996
ALB_Plate003_002003,0.0013130307
ALB_Plate022_1_005023,0.0013127744
AEC_Plate016_004001,0.0013108909
AEB_Plate023_010023,0.0013093114
AEB_Plate035_2_016017,0.0013074517
AEB_Plate007_004004,0.0013062775
AHA_Plate001_1_010013,0.0013052464
ALB_Plate022_1_005002,0.0013014376
ALB_Plate002_2_013020,0.0012944341
AEC_Plate030_1_014023,0.00128932
AHA_Plate010_001003,0.0012883723
AHA_Plate001_1_005023,0.0012864291
ALB_Plate025_005023,0.00128479
AHA_Plate001_2_005021,0.0012773157
ALB_Plate021_005024,0.001275283
AEB_Plate044_005023,0.0012741626
AHA_Plate005_016023,0.0012739717
ALB_Plate002_1_005011,0.0012739539
ALB_Plate024_002022,0.0012726604
AEB_Plate023_013023,0.0012703955
AEB_Plate021_004023,0.001269412
AHA_Plate001_1_005021,0.0012687861
AHA_Plate009_2_004001,0.0012659908
AEC_Plate003_003008,0.0012657822
AEC_Plate026_2_004024,0.0012636005
ALB_Plate004_011004,0.0012599528
ALB_Plate001_1_016001,0.0012577295
AHA_Plate001_2_010013,0.0012554169
ALB_Plate022_2_001008,0.0012533187
AEC_Plate017_004023,0.0012491525
AEB_Plate018_007017,0.0012490153
ALB_Plate023_2_005002,0.0012485266
ALB_Plate021_004013,0.0012478412
AHA_Plate011_1_004002,0.0012476027
ALB_Plate023_2_016001,0.001246345
ALB_Plate022_2_006021,0.0012432575
AEB_Plate020_005024,0.001237601
ALB_Plate001_1_001014,0.0012353838
ALB_Plate002_2_012011,0.0012302876
AEB_Plate019_014023,0.0012278438
AHA_Plate001_2_011005,0.001227498
AEB_Plate014_010016,0.0012256622
AHA_Plate001_2_005010,0.0012248338
AEC_Plate028_005002,0.0012215078
ALB_Plate001_1_016023,0.0012176335
AEB_Plate023_003024,0.001213622
AEC_Plate002_005024,0.0012133181
AHA_Plate004_013024,0.0012110055
AHA_Plate009_1_005007,0.0012101888
ALB_Plate011_2_014022,0.0012096465
ALB_Plate018_001020,0.001207745
ALB_Plate011_1_012005,0.0012072861
ALB_Plate017_004010,0.0012058199
ALB_Plate018_016015,0.0012044013
ALB_Plate001_2_016024,0.0012019693
ALB_Plate022_2_014009,0.0012016296
ALB_Plate001_1_009006,0.0012001038
AEB_Plate023_004002,0.0011983097
ALB_Plate003_006024,0.001197499
AEC_Plate023_008015,0.0011922776
AHA_Plate011_2_004024,0.0011921525
AEC_Plate030_2_006024,0.0011916697
AEB_Plate060_013023,0.0011881351
AHA_Plate007_1_013006,0.0011813641
ALB_Plate003_002006,0.001179719
ALB_Plate022_2_002024,0.0011795282
AHA_Plate003_014019,0.0011777639
AEB_Plate057_004023,0.0011763036
AEC_Plate001_004003,0.0011734248
ALB_Plate012_001003,0.0011722684
AEC_Plate030_1_007017,0.0011681796
ALB_Plate025_005024,0.0011657417
AEC_Plate030_2_007017,0.0011648058
ALB_Plate011_1_011004,0.0011646748
ALB_Plate023_1_005023,0.0011595606
ALB_Plate023_1_005002,0.0011576653
ALB_Plate015_012012,0.0011549294
AHA_Plate003_016001,0.0011511147
AHA_Plate011_1_014023,0.0011509896
AHA_Plate001_2_001007,0.0011498451
AHA_Plate009_2_005024,0.0011495948
AEC_Plate003_016024,0.0011494398
AEB_Plate046_003004,0.001149249
ALB_Plate018_005015,0.0011474371
AEB_Plate043_016002,0.0011471271
ALB_Plate025_015008,0.001145035
AEC_Plate017_004002,0.0011431277
AHA_Plate011_1_014024,0.0011396527
AEC_Plate028_008006,0.0011389672
AHA_Plate011_1_006002,0.0011372507
ALB_Plate002_2_009020,0.0011361539
AEC_Plate023_013023,0.00113433
ALB_Plate022_1_016008,0.0011331558
ALB_Plate023_2_004005,0.0011330604
ALB_Plate023_1_016010,0.0011319459
ALB_Plate022_1_016023,0.0011295974
AHA_Plate009_1_010023,0.0011274635
ALB_Plate023_2_016010,0.0011252165
AEB_Plate033_014008,0.0011229515
ALB_Plate023_2_013021,0.001121676
ALB_Plate003_004004,0.0011198043
ALB_Plate023_2_016024,0.001119572
ALB_Plate016_016022,0.001118809
AHA_Plate009_1_015003,0.001118046
ALB_Plate003_016004,0.0011171997
ALB_Plate004_013004,0.0011169374
AEC_Plate001_005023,0.0011167824
AHA_Plate005_010005,0.0011158526
AHA_Plate001_1_005002,0.0011144995
AEC_Plate028_005024,0.0011089385
AHA_Plate001_2_016023,0.0011046946
ALB_Plate001_1_015019,0.0011030734
AHA_Plate001_2_014004,0.0011009395
ALB_Plate022_1_005024,0.0011008561
AHA_Plate007_2_014018,0.0010999202
AHA_Plate001_2_009007,0.0010982096
AEC_Plate001_005002,0.0010976314
AEB_Plate029_2_012018,0.0010974348
AEB_Plate007_003010,0.0010972202
ALB_Plate022_2_012011,0.0010951937
AHA_Plate007_1_006019,0.0010909319
ALB_Plate001_2_016021,0.0010897338
AHA_Plate009_1_003008,0.0010891855
AEB_Plate008_008007,0.0010840058
ALB_Plate009_006003,0.0010828674
ALB_Plate003_004021,0.0010826945
AEB_Plate023_004024,0.0010822534
AEB_Plate012_004002,0.001080513
ALB_Plate009_004012,0.0010789752
ALB_Plate010_1_006020,0.0010782421
AEC_Plate023_004024,0.00107494
AHA_Plate001_2_014001,0.0010736227
ALB_Plate010_2_002003,0.0010719777
ALB_Plate001_2_012020,0.0010718585
ALB_Plate001_2_008011,0.0010685623
ALB_Plate010_2_003020,0.0010663748
AHA_Plate001_2_016002,0.0010634959
ALB_Plate001_2_016023,0.0010633289
ALB_Plate005_014023,0.0010622323
AEB_Plate025_005001,0.0010602415
AHA_Plate001_2_011011,0.0010586738
ALB_Plate002_2_010010,0.0010583221
AEB_Plate001_016002,0.0010555566
ALB_Plate006_009014,0.0010454118
AEC_Plate030_2_008003,0.0010448515
AHA_Plate008_001015,0.0010444283
AEB_Plate023_012015,0.001043278
ALB_Plate001_2_013021,0.0010391593
ALB_Plate002_2_001022,0.0010382772
ALB_Plate011_2_012021,0.0010378361
ALB_Plate023_2_001011,0.001035595
AHA_Plate009_2_012007,0.0010353804
AEC_Plate005_013004,0.0010336519
ALB_Plate022_2_003005,0.0010332942
AHA_Plate001_1_006002,0.0010307968
ALB_Plate012_003012,0.0010264873
AHA_Plate004_004004,0.0010259986
ALB_Plate001_2_009021,0.0010249257
AEC_Plate002_002019,0.0010241747
AHA_Plate008_011015,0.0010204136
AEB_Plate009_015017,0.0010201276
ALB_Plate022_2_009019,0.0010137439
ALB_Plate023_2_008003,0.0010121524
ALB_Plate011_2_005014,0.0010119975
AHA_Plate002_008005,0.0010110975
AHA_Plate001_2_006024,0.0010106743
AEC_Plate006_005001,0.0010100007
ALB_Plate022_2_010011,0.0010076404
ALB_Plate022_2_016001,0.0010069013
AEC_Plate022_004024,0.0010057867
AHA_Plate001_1_011005,0.0010051429
ALB_Plate023_1_014017,0.0010048508
AEC_Plate021_013011,0.0010045886
AHA_Plate008_014019,0.0010026693
ALB_Plate022_1_006011,0.0010023534
ALB_Plate009_005009,0.0010022223
ALB_Plate024_002010,0.0010017693
AHA_Plate007_1_016013,0.001001656
AEB_Plate025_003024,0.0010003329
AHA_Plate007_1_004020,0.0009998679
ALB_Plate023_1_016024,0.0009998381
ALB_Plate020_004024,0.0009958387
AHA_Plate009_1_011008,0.0009956479
AEB_Plate004_016024,0.0009945274
AHA_Plate003_002010,0.0009932279
ALB_Plate002_1_013013,0.0009925484
AEB_Plate033_015006,0.0009925008
ALB_Plate022_2_002023,0.000991273
AEB_Plate008_001004,0.0009908378
ALB_Plate016_014023,0.000989163
ALB_Plate011_2_011004,0.0009866178
AEB_Plate001_012004,0.0009831786
AEB_Plate025_007002,0.0009827912
ALB_Plate023_1_006005,0.0009818316
AEB_Plate024_004002,0.000981754
ALB_Plate003_007020,0.0009812831
AEC_Plate023_004002,0.000979954
AEC_Plate026_2_013001,0.0009796619
ALB_Plate012_006018,0.0009784817
AEB_Plate061_016022,0.0009781182
ALB_Plate025_005002,0.0009774268
ALB_Plate005_003022,0.0009773374
ALB_Plate002_2_013012,0.00097655656
AHA_Plate001_2_013019,0.00097561476
AHA_Plate009_2_005001,0.00097456574
ALB_Plate007_006010,0.0009739995
ALB_Plate003_006023,0.000973922
AHA_Plate008_011003,0.0009738207
ALB_Plate004_001004,0.0009725988
AHA_Plate011_2_005002,0.00097258686
ALB_Plate008_002010,0.00097249745
ALB_Plate022_2_014005,0.0009722829
AEB_Plate059_015019,0.00097133516
ALB_Plate024_013008,0.00097028614
AHA_Plate009_2_014001,0.00096722844
ALB_Plate010_2_011018,0.00096502306
ALB_Plate010_2_004003,0.0009637475
AHA_Plate006_014011,0.00096352695
ALB_Plate010_2_013018,0.0009559214
ALB_Plate011_2_008005,0.0009558916
AEC_Plate008_005001,0.00095552206
AHA_Plate008_009005,0.00095549226
AHA_Plate001_1_004002,0.0009554803
AEB_Plate029_2_001016,0.0009551823
ALB_Plate016_006018,0.0009541452
ALB_Plate022_2_016002,0.00095406175
AEB_Plate005_003020,0.0009539485
ALB_Plate023_1_005001,0.0009537637
ALB_Plate010_2_009012,0.00095333456
ALB_Plate024_005024,0.0009515643
ALB_Plate001_2_003005,0.000950551
ALB_Plate021_005023,0.0009466231
AHA_Plate004_008010,0.0009460151
ALB_Plate001_1_010008,0.0009457469
ALB_Plate002_2_005011,0.0009453952
ALB_Plate011_2_013008,0.0009445429
AEB_Plate009_013004,0.00094395876
ALB_Plate011_2_002007,0.00094223616
AEB_Plate022_013024,0.0009395778
AEB_Plate021_014001,0.00093925
AEB_Plate015_008016,0.0009384036
AEC_Plate002_004022,0.0009365797
AEB_Plate030_1_007012,0.0009365439
AHA_Plate001_1_005024,0.0009362817
AEB_Plate058_005001,0.00093577505
ALB_Plate020_004023,0.00093519094
AHA_Plate002_005018,0.00093420147
ALB_Plate011_1_002018,0.00093331933
AEB_Plate032_008011,0.00093327166
AEB_Plate006_006007,0.00093302724
AEC_Plate032_016023,0.0009324133
AEC_Plate023_004001,0.0009280026
AHA_Plate001_1_006001,0.0009274006
AHA_Plate010_005019,0.0009267032
ALB_Plate021_015022,0.00092490914
AEB_Plate057_006001,0.00092390773
AHA_Plate001_1_005001,0.00092145207
AHA_Plate001_2_009016,0.00092132686
ALB_Plate022_2_011008,0.0009204328
AHA_Plate001_2_003011,0.0009200573
AHA_Plate001_1_004023,0.0009177625
AEC_Plate027_004023,0.0009165406
ALB_Plate001_1_011011,0.0009155393
AHA_Plate001_1_006024,0.00091549754
AEC_Plate029_005002,0.00091526506
ALB_Plate023_2_009019,0.00091504457
ALB_Plate022_2_002021,0.00091450213
AHA_Plate004_002008,0.000913918
AHA_Plate009_2_004023,0.0009123087
ALB_Plate002_1_012011,0.00090635417
ALB_Plate011_2_008021,0.00090492365
ALB_Plate023_1_012017,0.00090081093
ALB_Plate001_2_014004,0.000899291
AEB_Plate024_004024,0.000897038
AEB_Plate032_005014,0.0008968174
AEB_Plate044_003016,0.00089595915
AEB_Plate011_004021,0.00089583994
AEB_Plate029_2_016024,0.00089418294
AEB_Plate021_005002,0.00089406373
AEB_Plate057_005001,0.0008928776
AEC_Plate010_008018,0.00089204905
ALB_Plate008_014017,0.00089159014
AEB_Plate040_006021,0.00089120865
AHA_Plate009_1_003004,0.00089004636
AHA_Plate001_1_006023,0.0008882821
AEB_Plate030_1_009009,0.0008879125
AEB_Plate023_004001,0.0008878231
AEB_Plate019_006009,0.0008859396
ALB_Plate023_2_009008,0.00088520645
AEC_Plate030_2_012009,0.0008850157
AEC_Plate026_2_004001,0.0008836269
AEC_Plate001_005001,0.00088173745
ALB_Plate001_1_002014,0.0008780837
AEB_Plate037_001022,0.00087758305
AHA_Plate007_1_001005,0.0008757591
AEB_Plate013_1_001015,0.0008756399
AHA_Plate001_1_001007,0.00087557436
AEB_Plate021_014002,0.00087501406
AEC_Plate019_004002,0.00087475183
AHA_Plate001_2_005011,0.0008747101
ALB_Plate021_016019,0.0008736312
ALB_Plate002_1_006005,0.000872463
AEB_Plate030_2_011012,0.00087224843
AEC_Plate026_2_004018,0.0008717656
ALB_Plate011_2_014005,0.0008715093
AHA_Plate009_1_014024,0.0008708894
AHA_Plate001_1_011011,0.00086967944
ALB_Plate010_2_008015,0.00086913706
AHA_Plate001_2_001003,0.0008690298
AEB_Plate035_1_007012,0.0008682072
AHA_Plate009_1_005003,0.0008670509
ALB_Plate001_1_016021,0.0008667886
AEB_Plate051_008023,0.00086392165
AHA_Plate011_1_004024,0.00086360576
AEC_Plate027_004001,0.000862509
AHA_Plate010_013011,0.0008579433
AEB_Plate029_1_010006,0.00085732935
AHA_Plate004_012022,0.00085669756
AEC_Plate029_005024,0.00085586903
AEB_Plate061_016015,0.0008552253
AEC_Plate026_2_004023,0.0008534491
AEB_Plate019_004001,0.00085241796
AEC_Plate026_2_013024,0.0008523941
AEB_Plate035_1_016017,0.0008523762
AEB_Plate021_004024,0.00085226895
AEC_Plate024_004023,0.0008520007
AHA_Plate009_1_015006,0.0008518815
ALB_Plate016_010006,0.0008506238
AEC_Plate020_004001,0.00084786414
AHA_Plate001_1_005010,0.0008477092
AHA_Plate001_2_011009,0.0008473039
AEB_Plate018_004002,0.00084603427
ALB_Plate024_016023,0.0008453727
AHA_Plate001_1_001003,0.000843519
ALB_Plate021_004002,0.00084323285
AEC_Plate006_016012,0.0008417964
AHA_Plate009_1_011005,0.00084084866
AHA_Plate008_001003,0.0008407772
AEB_Plate021_012006,0.00083985925
AEC_Plate026_1_004018,0.00083945395
ALB_Plate011_1_005012,0.00083904265
ALB_Plate021_001018,0.0008360565
ALB_Plate002_1_007023,0.00083589554
ALB_Plate010_2_009018,0.00083580613
AEB_Plate007_001001,0.000835532
ALB_Plate023_1_016023,0.0008353889
AEC_Plate006_006024,0.00083447096
AEC_Plate028_004024,0.0008330524
ALB_Plate021_004023,0.000832504
ALB_Plate011_2_016010,0.0008319557
AEB_Plate041_006001,0.00083187816
AHA_Plate001_2_015014,0.0008318007
AHA_Plate009_1_012007,0.00083132985
AEC_Plate017_004001,0.00083010196
AHA_Plate003_012010,0.0008300006
AEB_Plate057_006002,0.00082856417
ALB_Plate022_1_016001,0.0008274078
AEB_Plate057_005002,0.0008271873
AEB_Plate001_016023,0.00082603097
AEB_Plate035_1_005008,0.0008254945
ALB_Plate002_2_016023,0.0008245587
AEB_Plate030_2_002003,0.00082363485
AEC_Plate001_005024,0.00082270504
ALB_Plate022_2_014002,0.0008224845
AHA_Plate010_016001,0.0008211493
AEC_Plate023_011009,0.0008207679
ALB_Plate021_008008,0.00081995723
AEC_Plate020_004002,0.00081982615
AHA_Plate002_016001,0.0008191705
AEC_Plate032_008009,0.0008186996
ALB_Plate013_013008,0.0008173406
AEC_Plate027_004024,0.00081521866
AEB_Plate060_004001,0.00081478356
AEB_Plate042_012015,0.0008145571
AEC_Plate029_004024,0.0008138657
ALB_Plate023_1_016002,0.0008128762
AHA_Plate001_1_007009,0.0008128047
AEB_Plate048_016023,0.0008123815
AHA_Plate008_014004,0.0008119643
AEC_Plate002_010013,0.00081091525
AHA_Plate003_013024,0.000810498
AHA_Plate001_2_006023,0.0008096158
ALB_Plate011_2_007015,0.000809592
AEB_Plate011_006001,0.000809139
ALB_Plate022_1_014024,0.0008081555
ALB_Plate023_2_001014,0.0008078992
AEB_Plate019_004002,0.0008078754
AEB_Plate040_014014,0.0008078158
ALB_Plate003_001019,0.00080703496
AEB_Plate021_015004,0.0008062065
AEB_Plate039_006001,0.0008061469
AEC_Plate026_2_008021,0.00080549717
ALB_Plate001_2_014001,0.0008040905
AHA_Plate007_1_001011,0.0008025527
ALB_Plate010_2_016021,0.0008021176
AEB_Plate044_006001,0.0008019805
AEB_Plate011_016007,0.0008016884
ALB_Plate023_2_005018,0.0008009851
AEC_Plate026_2_014001,0.0007999897
AHA_Plate007_1_016002,0.0007999718
AEB_Plate011_016001,0.0007995248
AEB_Plate020_004023,0.00079931616
ALB_Plate002_2_016012,0.00079929235
AEC_Plate022_004001,0.0007992446
AEC_Plate030_1_011005,0.0007989347
ALB_Plate008_001012,0.00079800485
ALB_Plate002_2_004001,0.00079768896
ALB_Plate011_2_010005,0.0007972956
AEB_Plate018_004016,0.00079718826
AEB_Plate019_014024,0.00079693797
AHA_Plate007_1_016023,0.0007967472
AHA_Plate001_2_006002,0.00079556106
AEB_Plate003_011019,0.00079473853
ALB_Plate025_014007,0.0007938564
ALB_Plate023_2_008023,0.0007938504
AEB_Plate042_004001,0.0007932067
ALB_Plate015_008022,0.00079221727
ALB_Plate022_1_008013,0.00079054834
AEC_Plate025_004019,0.00078912376
AEB_Plate043_005001,0.0007888973
AHA_Plate009_1_006023,0.0007884324
ALB_Plate011_2_004007,0.0007880867
AHA_Plate009_1_001002,0.00078697206
AHA_Plate010_005011,0.000786376
ALB_Plate001_2_011011,0.00078579783
AEB_Plate043_016024,0.0007850528
ALB_Plate023_2_002001,0.0007817447
ALB_Plate022_1_006021,0.00078152417
ALB_Plate023_1_013021,0.00078073144
ALB_Plate001_2_001012,0.00077854993
AEB_Plate035_2_007016,0.0007784724
ALB_Plate009_010012,0.00077762606
AEB_Plate015_004001,0.00077703
ALB_Plate003_014015,0.00077653525
AHA_Plate001_2_010024,0.0007764578
AEB_Plate003_016001,0.00077621936
ALB_Plate001_1_016002,0.0007760048
ALB_Plate011_2_015012,0.0007753074
ALB_Plate001_2_001009,0.0007752478
AEC_Plate029_004002,0.00077512267
ALB_Plate024_005023,0.00077494385
ALB_Plate024_016001,0.0007732987
ALB_Plate022_2_015010,0.0007728219
ALB_Plate001_2_016002,0.0007719517
AEC_Plate025_004002,0.00077158806
ALB_Plate011_1_016022,0.0007707357
AEB_Plate025_006004,0.0007695615
ALB_Plate018_002015,0.00076715945
AEB_Plate019_014008,0.0007671535
AHA_Plate001_1_016024,0.00076569914
AHA_Plate011_2_004023,0.00076475146
AEB_Plate023_010024,0.0007645905
AHA_Plate001_1_015005,0.0007625163
AEC_Plate010_003021,0.0007617056
ALB_Plate008_015018,0.0007612884
ALB_Plate002_1_004001,0.0007603943
ALB_Plate013_014006,0.0007600486
AEB_Plate013_2_001015,0.0007598639
ALB_Plate001_2_006019,0.00075966713
AEB_Plate057_006022,0.00075846317
ALB_Plate009_004024,0.00075807574
ALB_Plate018_008015,0.0007574499
ALB_Plate010_2_011003,0.0007573545
ALB_Plate011_2_012003,0.00075700285
ALB_Plate006_016003,0.00075690745
AEC_Plate029_004023,0.0007564008
AEB_Plate025_006002,0.00075484515
ALB_Plate022_2_002001,0.0007533729
ALB_Plate001_2_004015,0.0007527411
AEB_Plate003_016012,0.00075261
ALB_Plate011_2_010008,0.0007525921
AEB_Plate030_2_007017,0.00075169205
AEC_Plate020_010003,0.0007514417
AHA_Plate008_009006,0.00075070263
AEB_Plate055_016023,0.00074974896
AEC_Plate026_1_004001,0.0007484555
ALB_Plate009_003018,0.0007478356
ALB_Plate006_012005,0.0007475078
ALB_Plate002_1_010010,0.00074653624
AEC_Plate024_004024,0.00074639916
ALB_Plate005_016016,0.00074555876
ALB_Plate001_1_012020,0.000744921
ALB_Plate001_2_010008,0.000743556
ALB_Plate011_2_016015,0.0007421613
AEC_Plate026_1_013001,0.0007393003
AHA_Plate001_1_015015,0.00073887705
AEB_Plate025_006001,0.0007384837
AEC_Plate026_1_013024,0.00073806045
AEC_Plate018_012014,0.00073795917
AEC_Plate031_016023,0.0007379055
AEB_Plate048_015021,0.0007361889
AEC_Plate010_006024,0.0007356644
AEB_Plate023_014024,0.0007351398
ALB_Plate001_2_001001,0.0007343471
AEC_Plate001_012012,0.0007336795
AHA_Plate007_1_002022,0.0007333934
AEC_Plate028_004002,0.0007332504
AEB_Plate005_001011,0.00073316693
AHA_Plate001_2_006001,0.00073131325
AEB_Plate045_016023,0.0007310152
ALB_Plate020_004002,0.0007308483
AEB_Plate020_004024,0.00072959065
AEB_Plate045_016024,0.00072868465
AHA_Plate003_006023,0.00072841643
AEC_Plate031_016002,0.000728184
AHA_Plate007_1_008006,0.00072810054
AEC_Plate002_012010,0.0007277668
ALB_Plate012_004004,0.0007273376
AEC_Plate009_006024,0.00072594883
ALB_Plate001_1_003014,0.0007256091
AHA_Plate009_1_007004,0.0007250309
ALB_Plate022_2_008001,0.0007238925
ALB_Plate023_2_009001,0.000723809
ALB_Plate023_2_014002,0.00072215794
AEB_Plate015_009008,0.00072169304
AEB_Plate031_010023,0.0007213652
ALB_Plate002_1_004002,0.0007203579
ALB_Plate002_1_001022,0.0007202506
AHA_Plate009_1_009003,0.00071702
ALB_Plate002_2_010003,0.00071593525
ALB_Plate022_1_002021,0.00071569084
ALB_Plate017_005007,0.00071525574
AEB_Plate043_016001,0.00071525574
AEC_Plate028_004023,0.00071493984
AHA_Plate009_1_004024,0.0007149279
ALB_Plate003_001006,0.0007145762
ALB_Plate022_2_009024,0.0007142782
AEB_Plate004_016023,0.000714159
ALB_Plate022_2_015014,0.0007141113
AEC_Plate002_014023,0.00071336626
AHA_Plate006_009004,0.0007129669
ALB_Plate011_2_015022,0.0007127762
AEB_Plate025_016001,0.0007127404
AHA_Plate009_1_003006,0.00071027875
ALB_Plate012_008020,0.00070905685
AEC_Plate030_1_006016,0.00070877076
ALB_Plate003_008007,0.00070862175
AHA_Plate003_016024,0.0007080734
AHA_Plate007_2_007020,0.0007078469
AEC_Plate029_004001,0.0007072687
AEC_Plate026_1_004023,0.0007052898
AEC_Plate026_1_004011,0.00070468185
AEC_Plate007_006023,0.0007036686
AEC_Plate001_014023,0.0007029772
AEC_Plate006_006023,0.00070297124
ALB_Plate011_1_015012,0.00070288184
AEB_Plate012_016023,0.0007015824
AEC_Plate030_2_010024,0.00070093275
AEB_Plate012_007020,0.00070040824
AEC_Plate009_006023,0.0007000625
ALB_Plate010_2_004011,0.0007000327
AEB_Plate022_010023,0.0006996572
ALB_Plate016_001008,0.00069807173
AEB_Plate029_1_012018,0.0006969273
ALB_Plate022_2_001006,0.0006965101
AEB_Plate015_005015,0.0006960452
ALB_Plate008_004023,0.0006957829
ALB_Plate023_2_002023,0.00069493055
AEB_Plate024_004001,0.00069466233
ALB_Plate001_1_013021,0.0006941855
AEB_Plate058_005024,0.000693506
AEC_Plate026_1_004024,0.00069254043
AEC_Plate016_004023,0.00069248676
AEB_Plate034_004011,0.00069245696
AEC_Plate024_004001,0.0006923199
ALB_Plate022_2_011024,0.0006922126
AEC_Plate009_010006,0.0006921947
AEB_Plate044_016023,0.00069125294
ALB_Plate022_2_009007,0.0006911278
AEB_Plate035_1_010003,0.0006910741
AEB_Plate043_010017,0.0006910205
ALB_Plate022_2_008009,0.0006908834
ALB_Plate021_012015,0.00069077016
ALB_Plate022_2_009023,0.00069009064
AHA_Plate001_2_016021,0.0006889403
AHA_Plate009_1_007003,0.000688678
AEB_Plate004_016002,0.0006885886
AHA_Plate011_1_004023,0.0006884694
ALB_Plate001_2_006003,0.0006869912
AEC_Plate027_004002,0.00068663957
AEC_Plate026_2_004011,0.0006865084
ALB_Plate022_1_003005,0.00068646076
AEB_Plate063_004023,0.0006862402
AEB_Plate016_001006,0.0006858945
AEB_Plate009_011016,0.00068566203
ALB_Plate002_2_003020,0.0006842613
AHA_Plate008_007019,0.00068399904
AEC_Plate005_006023,0.00068289635
ALB_Plate023_2_016018,0.00068280695
AEB_Plate034_004001,0.0006824434
AEB_Plate015_007003,0.00068240165
AHA_Plate010_011013,0.00068120955
ALB_Plate012_016017,0.00068106054
AEB_Plate002_016002,0.0006802976
ALB_Plate022_1_004013,0.00067920686
AHA_Plate007_1_016024,0.00067862275
ALB_Plate008_010005,0.0006782174
ALB_Plate011_2_002018,0.00067678094
ALB_Plate018_003005,0.00067657826
AEC_Plate026_1_004002,0.0006755352
AEC_Plate004_006023,0.00067538023
AEB_Plate039_006024,0.0006752312
ALB_Plate025_003004,0.000674814
ALB_Plate012_014003,0.000674361
AEB_Plate038_002001,0.0006741941
ALB_Plate002_2_013004,0.0006735086
ALB_Plate023_1_016001,0.0006729126
AEB_Plate048_012022,0.00067284703
ALB_Plate022_1_004009,0.00067270995
ALB_Plate001_2_005014,0.000671798
AEC_Plate005_007008,0.00067102315
AEC_Plate028_013023,0.0006710052
ALB_Plate011_2_009011,0.00067008735
AHA_Plate003_005024,0.0006691933
ALB_Plate001_1_003005,0.0006689668
AEB_Plate030_2_006024,0.0006689668
AHA_Plate009_1_011007,0.00066583155
ALB_Plate004_016023,0.0006655097
ALB_Plate024_008018,0.000665468
AEB_Plate060_004023,0.00066524744
ALB_Plate021_012021,0.0006645024
AEC_Plate030_2_001005,0.0006641388
AEB_Plate005_016024,0.0006639421
ALB_Plate024_014002,0.00066388247
AEB_Plate021_010018,0.0006636262
ALB_Plate025_003010,0.0006636262
ALB_Plate022_1_012011,0.00066338776
AEB_Plate005_006024,0.00066212413
AEB_Plate030_2_012010,0.0006617367
AHA_Plate002_006023,0.000660634
AHA_Plate007_1_016007,0.0006605983
AHA_Plate011_2_013024,0.0006605804
AEB_Plate022_014023,0.0006605804
ALB_Plate011_2_004001,0.0006605804
AHA_Plate001_1_016002,0.000660187
AEB_Plate045_016002,0.00065992476
AEB_Plate025_006023,0.00065945386
ALB_Plate010_2_015022,0.00065916777
AHA_Plate002_006024,0.00065879227
AEB_Plate020_005002,0.0006569147
AEB_Plate018_016018,0.0006563127
ALB_Plate024_016008,0.0006560028
AEC_Plate029_012003,0.00065589545
ALB_Plate017_011009,0.0006542563
ALB_Plate011_2_003014,0.0006540239
AEB_Plate043_008020,0.00065386295
AHA_Plate009_1_009004,0.00065339805
AEC_Plate032_006001,0.00065283774
AEB_Plate028_2_006024,0.0006520093
AEB_Plate045_016001,0.0006516993
ALB_Plate010_2_005018,0.0006514311
ALB_Plate013_015011,0.000650847
AHA_Plate006_003013,0.00065080525
AHA_Plate009_1_007008,0.00065018533
AEB_Plate025_006017,0.00065013766
AEB_Plate025_005024,0.0006500721
AEB_Plate030_1_007017,0.0006498158
AEB_Plate027_005023,0.0006497383
AHA_Plate002_016004,0.00064957736
AEB_Plate003_016023,0.0006495357
ALB_Plate022_2_007014,0.0006494999
AEB_Plate009_004005,0.00064938667
AEC_Plate016_004024,0.00064887403
AEB_Plate054_001022,0.00064858794
AEB_Plate027_005002,0.0006484866
AEC_Plate003_014020,0.00064806937
ALB_Plate023_1_004005,0.0006476939
AHA_Plate001_1_015014,0.0006476164
AEC_Plate003_014001,0.000647223
AEB_Plate044_005001,0.0006459415
AEB_Plate031_009003,0.0006456554
ALB_Plate022_1_016002,0.00064524414
ALB_Plate009_016024,0.00064499973
ALB_Plate017_015022,0.0006447375
AHA_Plate004_011006,0.0006447315
AHA_Plate009_2_004002,0.0006438494
AEB_Plate020_005023,0.0006430328
ALB_Plate016_004023,0.0006423175
AEB_Plate042_011018,0.0006417573
ALB_Plate024_016018,0.00064052345
ALB_Plate001_2_012011,0.00064044
ALB_Plate001_1_001019,0.0006401956
AEC_Plate021_011011,0.0006397724
AEB_Plate044_002002,0.0006395817
AEC_Plate016_004002,0.0006394863
ALB_Plate002_2_014014,0.0006393671
ALB_Plate022_1_005021,0.00063886645
ALB_Plate010_1_016021,0.00063740613
AEC_Plate007_005001,0.0006373584
ALB_Plate022_2_001016,0.00063626765
AHA_Plate011_1_006024,0.0006361723
AEC_Plate025_004024,0.0006356776
AEC_Plate021_004002,0.00063533185
AEB_Plate030_2_014003,0.00063518883
AEB_Plate007_014021,0.0006348491
ALB_Plate011_1_016010,0.00063455105
AEB_Plate044_016002,0.0006343663
ALB_Plate002_1_013004,0.00063428876
AEC_Plate008_016002,0.0006342113
ALB_Plate024_003014,0.0006337523
AHA_Plate010_013003,0.0006335974
AEB_Plate030_2_012008,0.0006335795
AEC_Plate001_012019,0.00063248875
AEC_Plate018_001008,0.0006322861
AHA_Plate009_1_015005,0.00063099863
ALB_Plate011_1_006017,0.00063067675
AEB_Plate022_004023,0.0006295383
AEB_Plate016_001007,0.0006293833
ALB_Plate015_007011,0.00062919856
AEB_Plate061_004023,0.0006291568
AEB_Plate005_016001,0.0006291211
AHA_Plate011_2_004002,0.00062868
ALB_Plate001_1_012011,0.0006285012
AHA_Plate002_005011,0.00062832236
ALB_Plate003_008011,0.0006282687
AEB_Plate043_016023,0.0006282389
ALB_Plate023_2_012004,0.00062502624
ALB_Plate006_003016,0.00062379835
AEB_Plate042_004024,0.0006235838
AEC_Plate032_016012,0.00062339904
ALB_Plate016_007014,0.00062242744
AEC_Plate003_007001,0.00062197447
AEB_Plate024_001016,0.00062114
AEB_Plate054_006006,0.00062103866
AHA_Plate001_1_006013,0.00062092545
AEB_Plate061_004002,0.00062051415
AEB_Plate004_002024,0.000619626
AEB_Plate022_005007,0.0006195664
ALB_Plate009_016006,0.00061902404
ALB_Plate016_004020,0.0006186843
ALB_Plate002_1_013020,0.0006184101
AHA_Plate009_1_015004,0.00061838626
AHA_Plate001_1_005011,0.0006179094
AEB_Plate004_006001,0.00061780214
AHA_Plate008_013003,0.00061765907
AHA_Plate005_011007,0.0006175339
AEC_Plate030_1_014008,0.00061724783
AHA_Plate003_003009,0.0006161034
ALB_Plate022_2_009020,0.0006156862
AEB_Plate027_005024,0.0006156266
AEB_Plate017_004001,0.0006153405
ALB_Plate015_001003,0.00061454176
AHA_Plate009_1_007005,0.000614208
ALB_Plate020_006002,0.00061416626
ALB_Plate011_2_002024,0.0006130636
AEB_Plate047_013012,0.00061296823
AEC_Plate015_004001,0.00061276555
AHA_Plate008_013012,0.00061273575
AEB_Plate059_004002,0.00061253307
ALB_Plate025_016023,0.00061209203
ALB_Plate005_006024,0.00061191915
ALB_Plate017_003010,0.00061174034
ALB_Plate020_014019,0.00061165093
AHA_Plate005_016024,0.0006112993
ALB_Plate010_1_006006,0.00061125756
AHA_Plate001_2_014023,0.00061119796
ALB_Plate002_2_010011,0.0006103635
AHA_Plate006_008008,0.0006102741
AEB_Plate025_010024,0.0006091952
AEB_Plate018_008020,0.0006078541
ALB_Plate001_1_009021,0.0006076217
ALB_Plate024_009003,0.00060743093
ALB_Plate013_012021,0.00060699583
ALB_Plate012_005010,0.0006064713
ALB_Plate006_015020,0.0006062567
ALB_Plate024_016002,0.00060603616
AEB_Plate057_006024,0.00060588715
ALB_Plate010_2_015011,0.00060439704
ALB_Plate019_004023,0.0006041527
AEB_Plate051_015024,0.000604099
AEC_Plate023_004023,0.00060308573
AHA_Plate011_3_001007,0.0006015062
ALB_Plate002_2_016001,0.00060079695
AEC_Plate010_006023,0.00059950945
AEB_Plate005_006001,0.0005994022
AEB_Plate005_006023,0.0005993545
AEB_Plate008_006024,0.0005990386
ALB_Plate017_013007,0.00059881806
AHA_Plate008_014012,0.00059863925
ALB_Plate001_2_004024,0.0005968213
AEB_Plate021_006009,0.0005958021
AEB_Plate045_005024,0.0005955994
AHA_Plate011_1_007005,0.00059539673
AEB_Plate022_002006,0.00059528946
AHA_Plate003_012019,0.00059526565
ALB_Plate013_002022,0.00059455633
AEC_Plate031_003022,0.0005944848
AEB_Plate017_006007,0.0005938709
ALB_Plate023_2_001007,0.0005935609
AEB_Plate044_016001,0.00059319736
AEB_Plate045_005006,0.0005929351
ALB_Plate016_002020,0.00059251784
ALB_Plate010_2_009009,0.0005921543
ALB_Plate010_2_014011,0.0005920291
ALB_Plate011_1_005014,0.0005913973
ALB_Plate001_1_004015,0.000591284
ALB_Plate003_004024,0.00059069396
ALB_Plate001_2_003020,0.00059063436
ALB_Plate018_004002,0.000590384
ALB_Plate018_001022,0.0005901575
AHA_Plate001_2_009015,0.00059013965
ALB_Plate022_1_001008,0.0005898237
ALB_Plate011_1_010005,0.00058897136
ALB_Plate011_1_007015,0.0005883992
AEB_Plate008_011013,0.0005879283
AEB_Plate011_016005,0.0005876183
AEC_Plate015_004002,0.000587213
AEC_Plate028_007009,0.0005872071
ALB_Plate011_1_010008,0.0005869329
ALB_Plate022_2_012009,0.0005867124
AEB_Plate049_005010,0.00058614614
ALB_Plate013_012020,0.00058608653
ALB_Plate019_015012,0.0005860448
AHA_Plate001_1_002023,0.0005856931
AEC_Plate017_004024,0.00058532954
ALB_Plate001_1_006001,0.0005849957
AEB_Plate024_004023,0.00058488845
AHA_Plate009_1_005005,0.00058463216
ALB_Plate003_004023,0.0005846262
ALB_Plate002_1_016001,0.0005845249
ALB_Plate011_2_005018,0.000583744
ALB_Plate002_2_004021,0.0005837202
AEC_Plate001_004010,0.00058352354
AHA_Plate008_005003,0.00058294536
AHA_Plate009_1_009008,0.0005823195
ALB_Plate018_004024,0.0005815625
AEC_Plate008_006024,0.0005814135
ALB_Plate022_1_008011,0.0005806804
AEB_Plate025_006024,0.0005804837
ALB_Plate007_004002,0.0005803406
AHA_Plate002_001016,0.00058003067
AHA_Plate001_1_014004,0.00057910086
AHA_Plate010_007019,0.00057895185
ALB_Plate012_001008,0.0005776227
ALB_Plate010_1_004023,0.0005773663
AEB_Plate045_003006,0.00057714584
ALB_Plate013_006009,0.0005770743
AEC_Plate009_010020,0.0005769491
AHA_Plate007_1_016001,0.0005769074
ALB_Plate023_2_005022,0.0005763114
AEB_Plate046_014015,0.00057626364
AHA_Plate008_001005,0.00057604315
AHA_Plate007_1_010006,0.000575912
ALB_Plate023_1_008024,0.00057570933
AEB_Plate035_1_014004,0.00057542324
ALB_Plate019_012022,0.00057455304
AHA_Plate009_1_013007,0.000573951
ALB_Plate003_009016,0.00057350995
AEC_Plate028_004001,0.00057265756
AEB_Plate001_010001,0.00057219865
ALB_Plate010_1_013018,0.0005719483
ALB_Plate011_2_009004,0.0005714953
AEB_Plate051_010003,0.0005714178
ALB_Plate023_1_015021,0.00057106616
AHA_Plate001_1_003011,0.0005692482
AEB_Plate012_012020,0.0005683362
AEC_Plate003_016001,0.0005683303
ALB_Plate022_2_005021,0.00056820514
AEB_Plate040_002023,0.00056607724
ALB_Plate011_1_006016,0.0005660057
ALB_Plate022_1_010011,0.00056595204
ALB_Plate002_2_016002,0.00056587456
ALB_Plate001_1_014004,0.0005655348
ALB_Plate011_1_014005,0.0005652547
AEB_Plate025_013008,0.0005651474
AHA_Plate004_004012,0.0005650759
ALB_Plate011_2_004012,0.00056496856
ALB_Plate003_011023,0.0005648434
AEC_Plate008_015003,0.00056459307
ALB_Plate011_2_008018,0.00056385994
AEB_Plate044_014006,0.0005627096
AEB_Plate023_014023,0.00056249497
AEB_Plate012_016001,0.00056226255
AEB_Plate029_2_010024,0.00056132674
AEC_Plate011_006019,0.00056109426
AHA_Plate008_012015,0.0005610585
ALB_Plate002_1_014005,0.00056042674
ALB_Plate017_008011,0.0005601764
AEB_Plate023_007010,0.0005600393
ALB_Plate001_1_009014,0.00055952073
ALB_Plate022_1_009017,0.00055938365
AHA_Plate008_013005,0.00055879354
ALB_Plate003_012018,0.00055864453
ALB_Plate022_2_005014,0.0005583763
AHA_Plate005_007017,0.0005582273
ALB_Plate006_005016,0.000557524
AEC_Plate031_002024,0.00055737497
AEB_Plate055_006024,0.0005570829
AEC_Plate031_004006,0.0005568087
ALB_Plate023_2_015009,0.00055608747
AEB_Plate019_005024,0.0005555272
AHA_Plate008_003003,0.0005551934
AEB_Plate010_006001,0.00055438874
ALB_Plate017_009009,0.0005539477
AEC_Plate007_016023,0.0005536735
ALB_Plate014_008014,0.00055340526
AHA_Plate009_1_013004,0.00055232644
ALB_Plate007_015011,0.00055212976
AEB_Plate057_010012,0.00055201055
AEB_Plate045_007008,0.00055173633
ALB_Plate022_2_009017,0.00055092573
ALB_Plate021_013008,0.0005507708
ALB_Plate011_1_012021,0.00055046676
AHA_Plate008_015005,0.0005504012
AEB_Plate010_001017,0.00054971577
AEB_Plate026_005023,0.00054968597
AEC_Plate030_2_001013,0.0005496621
AHA_Plate001_1_016005,0.00054950116
ALB_Plate023_1_001008,0.0005493462
AEB_Plate018_011014,0.00054916146
ALB_Plate020_010021,0.00054906606
AEB_Plate038_006016,0.0005483568
AHA_Plate006_016001,0.00054828526
AEB_Plate043_006012,0.00054827926
ALB_Plate020_005005,0.0005481243
ALB_Plate011_1_001015,0.00054804084
ALB_Plate023_1_014001,0.000547266
AEB_Plate011_008005,0.0005470216
ALB_Plate024_003023,0.00054658053
ALB_Plate016_004002,0.00054618716
AEC_Plate022_004023,0.0005461395
AEB_Plate063_004002,0.0005460799
AEC_Plate030_2_003016,0.00054571626
AEB_Plate059_004024,0.00054544804
AEB_Plate023_004023,0.00054522755
AEB_Plate002_003022,0.0005445957
AEB_Plate036_004002,0.00054449437
ALB_Plate024_014001,0.00054385065
ALB_Plate024_010010,0.0005430579
AEB_Plate001_002023,0.0005429983
ALB_Plate011_2_001014,0.0005429983
AHA_Plate008_007003,0.0005426407
ALB_Plate024_006009,0.0005425274
ALB_Plate023_2_002024,0.0005424917
ALB_Plate001_2_011003,0.0005423665
ALB_Plate010_1_001022,0.0005422592
ALB_Plate019_007010,0.0005420566
AEB_Plate040_006001,0.00054190756
AEC_Plate031_011019,0.0005416572
ALB_Plate011_1_006009,0.0005413711
AHA_Plate005_013004,0.00054135325
AEB_Plate003_003009,0.000540483
AEB_Plate019_012013,0.00054033997
AEB_Plate029_2_002002,0.000540179
AHA_Plate004_006023,0.00053974986
AHA_Plate001_2_001005,0.0005379319
AEB_Plate039_007015,0.0005376637
ALB_Plate001_2_009015,0.0005370736
AHA_Plate009_1_013009,0.000536865
ALB_Plate014_006010,0.00053681136
AHA_Plate007_1_005004,0.0005366683
ALB_Plate001_2_009003,0.00053650734
ALB_Plate002_1_002003,0.00053616764
AEB_Plate063_004024,0.00053595303
ALB_Plate019_009012,0.00053493975
AEB_Plate051_002017,0.00053485035
ALB_Plate002_2_006011,0.0005344391
AHA_Plate006_003004,0.0005342603
AHA_Plate009_1_013006,0.0005337715
ALB_Plate022_1_014001,0.00053351524
ALB_Plate006_004005,0.0005334079
AHA_Plate003_015004,0.00053253176
AEC_Plate022_007003,0.0005321264
ALB_Plate023_1_009019,0.00053197145
AEB_Plate041_003016,0.00053176284
ALB_Plate005_006023,0.0005310595
AEC_Plate003_007024,0.000530684
AHA_Plate007_1_004022,0.0005305588
AEB_Plate045_012015,0.0005304575
AEC_Plate016_009012,0.00052995083
ALB_Plate003_014004,0.00052954553
AEC_Plate024_005021,0.0005292773
AEB_Plate030_1_012010,0.00052863953
AEC_Plate031_013022,0.00052859786
AEC_Plate031_012006,0.00052830577
ALB_Plate019_009018,0.0005279899
ALB_Plate016_002004,0.0005279839
ALB_Plate001_2_001003,0.0005279422
ALB_Plate010_1_009018,0.0005278945
ALB_Plate011_2_001012,0.0005274415
AEB_Plate049_005024,0.00052732823
AEC_Plate007_005007,0.000527215
ALB_Plate010_1_009004,0.0005271792
ALB_Plate023_1_013003,0.0005270302
ALB_Plate001_2_010017,0.00052701833
ALB_Plate015_013004,0.000526917
AEC_Plate012_014023,0.0005265117
ALB_Plate014_011009,0.0005262077
AEB_Plate024_004009,0.00052604673
AEC_Plate008_005002,0.00052582624
ALB_Plate007_002022,0.0005250573
AEC_Plate019_004001,0.000524962
ALB_Plate017_005010,0.000524801
ALB_Plate010_1_004002,0.000524348
AHA_Plate003_003007,0.0005243242
AEC_Plate017_006001,0.0005241871
AEC_Plate030_2_009011,0.0005241275
ALB_Plate022_1_010002,0.0005240858
ALB_Plate022_2_015007,0.00052399037
ALB_Plate002_2_016024,0.00052322744
ALB_Plate009_002012,0.00052317977
ALB_Plate022_2_011001,0.0005230665
AEC_Plate002_013005,0.0005224347
AEC_Plate021_004024,0.00052227377
ALB_Plate010_2_001022,0.00052207115
ALB_Plate001_2_009011,0.00052180886
ALB_Plate021_004001,0.00052174926
AHA_Plate008_016001,0.00052118895
ALB_Plate010_2_014010,0.0005211711
AEC_Plate013_005020,0.0005205691
ALB_Plate010_2_013020,0.00052028894
ALB_Plate011_1_015022,0.0005196929
AEB_Plate003_016024,0.0005196035
AHA_Plate007_1_008009,0.00051929354
ALB_Plate001_1_005013,0.0005187571
AEC_Plate030_1_011001,0.00051850674
AEB_Plate046_006002,0.00051790476
AHA_Plate009_1_004023,0.0005178034
ALB_Plate002_2_014018,0.0005173087
ALB_Plate002_2_009015,0.0005168319
AEB_Plate025_005023,0.00051671267
ALB_Plate011_2_006010,0.0005162239
AEC_Plate007_004007,0.0005161345
AEB_Plate043_010018,0.00051596167
AHA_Plate009_1_001006,0.0005158305
AHA_Plate011_1_009001,0.0005156457
ALB_Plate003_016002,0.00051522255
AEC_Plate027_001018,0.00051504374
AEB_Plate001_010014,0.0005146563
ALB_Plate003_014022,0.00051437615
ALB_Plate010_2_011015,0.0005143404
ALB_Plate018_013011,0.0005140841
AEC_Plate008_010020,0.0005140066
AEC_Plate023_005024,0.00051359535
AEC_Plate031_001024,0.0005134881
ALB_Plate010_1_002003,0.00051341654
ALB_Plate024_014024,0.00051327946
AEB_Plate063_009019,0.0005132377
AEC_Plate011_012019,0.00051321386
ALB_Plate012_006020,0.00051313045
AEB_Plate005_011019,0.00051245687
ALB_Plate002_2_009016,0.00051230786
AHA_Plate009_2_002024,0.000511682
AEB_Plate045_005001,0.00051157473
ALB_Plate023_2_015021,0.0005109489
AEC_Plate025_004023,0.00051087735
ALB_Plate003_012020,0.00051084755
AEB_Plate046_010002,0.00051059725
AHA_Plate001_1_013019,0.0005104959
AEB_Plate013_1_004023,0.0005104244
ALB_Plate023_2_014023,0.0005104065
ALB_Plate017_005015,0.0005100429
AHA_Plate001_1_005022,0.00050997734
AEB_Plate055_004024,0.0005099356
ALB_Plate001_2_003014,0.00050981046
AEC_Plate028_013024,0.00050933956
ALB_Plate002_2_012010,0.00050930976
AHA_Plate009_1_001004,0.00050855876
AEC_Plate027_006014,0.00050846935
ALB_Plate007_012018,0.00050846935
AEB_Plate013_1_005001,0.00050831435
AHA_Plate011_1_007015,0.00050812366
ALB_Plate012_004012,0.0005080998
ALB_Plate002_2_012021,0.0005078316
ALB_Plate022_2_003006,0.00050779583
ALB_Plate020_009005,0.0005077541
AEC_Plate005_006001,0.00050730706
AHA_Plate001_2_002001,0.0005072832
ALB_Plate002_2_002023,0.0005066991
AEB_Plate013_1_005024,0.0005058348
AEB_Plate027_006012,0.00050572155
AEC_Plate024_004002,0.00050569174
AEB_Plate021_013007,0.0005054176
AHA_Plate003_011006,0.0005052805
AEB_Plate009_006023,0.00050523283
AHA_Plate006_016023,0.00050519704
ALB_Plate020_005001,0.0005049765
ALB_Plate011_2_002001,0.0005049527
ALB_Plate003_011009,0.00050459505
AEB_Plate038_003017,0.0005045116
ALB_Plate023_2_010007,0.00050438044
AEB_Plate042_005002,0.0005042851
ALB_Plate010_1_015018,0.0005034864
AHA_Plate006_005004,0.00050345657
ALB_Plate017_015009,0.00050324795
ALB_Plate010_2_008021,0.00050315855
ALB_Plate023_2_014001,0.0005031109
AEC_Plate021_011009,0.00050243735
AEB_Plate029_1_016024,0.00050208566
AEB_Plate006_006024,0.00050206186
AEB_Plate013_1_005023,0.0005020201
ALB_Plate001_1_009015,0.0005019248
ALB_Plate010_2_010019,0.00050171616
ALB_Plate016_015006,0.00050150754
ALB_Plate003_012004,0.0005013466
AEB_Plate030_2_001024,0.000501287
AHA_Plate009_1_001005,0.00050089357
AEB_Plate019_014002,0.0005006671
ALB_Plate021_010006,0.00050052407
ALB_Plate025_016002,0.00050038693
AEB_Plate016_010018,0.000499928
AEB_Plate001_008011,0.00049984455
AHA_Plate001_2_013009,0.0004996717
AEC_Plate030_2_006023,0.00049952866
AEB_Plate043_004019,0.00049943925
AEB_Plate017_015006,0.0004991591
ALB_Plate023_2_010017,0.0004991114
AEB_Plate027_013019,0.0004986346
ALB_Plate022_2_014003,0.0004977047
AHA_Plate009_2_005022,0.0004976094
AEB_Plate040_004023,0.0004975855
ALB_Plate002_2_006002,0.00049743056
AHA_Plate007_1_006005,0.0004971564
AEB_Plate025_012005,0.0004971504
AEB_Plate060_001012,0.00049704313
ALB_Plate022_2_016009,0.00049693586
AEB_Plate029_2_002001,0.0004968822
ALB_Plate025_016001,0.0004967928
AHA_Plate005_003005,0.0004961908
ALB_Plate010_2_002016,0.0004960418
AEB_Plate041_004024,0.00049600005
AHA_Plate003_001003,0.0004957974
AEB_Plate015_006014,0.0004955709
ALB_Plate005_016002,0.00049552915
AHA_Plate001_1_014024,0.00049533247
AEB_Plate030_2_013015,0.0004952252
ALB_Plate014_014012,0.00049521925
AEC_Plate006_010009,0.0004951954
ALB_Plate010_1_004006,0.0004951656
ALB_Plate012_006005,0.0004946768
ALB_Plate024_001003,0.0004945815
AEB_Plate041_006002,0.00049453974
AEB_Plate027_016023,0.00049422384
AHA_Plate001_1_012024,0.0004939198
ALB_Plate001_2_013020,0.00049387815
ALB_Plate011_2_013016,0.00049384235
ALB_Plate004_016002,0.00049349666
AEB_Plate012_013010,0.0004933715
AEC_Plate030_2_006001,0.0004933298
AHA_Plate002_016024,0.00049322844
AHA_Plate006_007008,0.0004927218
ALB_Plate002_2_006007,0.0004923284
AEB_Plate049_004013,0.0004922271
ALB_Plate002_2_015012,0.000491941
AEC_Plate008_006001,0.0004917026
ALB_Plate013_009003,0.00049148797
ALB_Plate001_1_005014,0.0004909456
AEC_Plate004_016002,0.0004907966
ALB_Plate013_014021,0.00049046875
ALB_Plate010_2_013007,0.00049040315
ALB_Plate024_011011,0.00048988464
AEC_Plate030_2_011001,0.00048953295
AEB_Plate047_008010,0.0004894197
AEC_Plate001_016024,0.0004894078
AHA_Plate001_1_009016,0.0004892588
AEC_Plate012_007011,0.00048906804
AEB_Plate009_006002,0.00048893096
AEB_Plate028_2_004021,0.00048888323
AEB_Plate031_004001,0.000488472
ALB_Plate007_010021,0.00048834085
AHA_Plate001_2_005024,0.00048726797
ALB_Plate018_009010,0.00048704149
AHA_Plate001_1_008001,0.0004869759
AEC_Plate030_2_011017,0.0004869282
ALB_Plate014_007011,0.00048679113
ALB_Plate023_1_014019,0.00048673153
AEB_Plate025_003002,0.00048658252
ALB_Plate011_1_002007,0.0004864633
ALB_Plate023_2_005014,0.00048629046
ALB_Plate002_2_012003,0.0004861951
AHA_Plate003_014020,0.00048612355
AHA_Plate009_1_007006,0.000486058
AHA_Plate004_014017,0.0004858613
AEC_Plate002_004010,0.00048544406
AHA_Plate010_005017,0.00048514007
AEB_Plate009_016001,0.00048512817
ALB_Plate014_005014,0.0004849136
AEB_Plate046_005011,0.00048481225
ALB_Plate017_007016,0.00048470497
ALB_Plate023_1_009008,0.0004834473
AEB_Plate057_008008,0.0004833162
ALB_Plate001_2_004023,0.00048322082
AEB_Plate009_014001,0.00048305988
AEB_Plate018_010006,0.00048303007
AEC_Plate032_016016,0.0004828155
ALB_Plate022_2_016005,0.00048280956
AEB_Plate035_2_002001,0.00048269628
AEB_Plate029_2_006023,0.00048265458
AHA_Plate002_012014,0.0004822135
AEC_Plate017_006002,0.00048214197
ALB_Plate017_001019,0.0004820466
AEB_Plate027_015021,0.000481987
ALB_Plate001_2_009006,0.0004817724
AEB_Plate030_2_016017,0.000481534
ALB_Plate001_2_002014,0.00048151016
AEB_Plate046_004018,0.00048137308
AEB_Plate018_014024,0.00048115253
AEB_Plate020_014024,0.0004810393
ALB_Plate022_2_006012,0.00048055648
AEB_Plate023_014001,0.0004803896
AEB_Plate024_016014,0.00048033
ALB_Plate002_1_007002,0.00048029423
ALB_Plate011_2_008009,0.00048018695
ALB_Plate010_1_011018,0.00048004984
AEB_Plate030_2_011016,0.0004799366
ALB_Plate024_011007,0.00047942996
AEC_Plate005_016002,0.00047932862
ALB_Plate019_004024,0.0004790604
AEB_Plate060_004002,0.00047864317
ALB_Plate020_001017,0.00047854782
ALB_Plate023_2_009020,0.00047822
ALB_Plate014_011006,0.00047804712
ALB_Plate019_005001,0.00047784447
ALB_Plate021_005001,0.0004776597
ALB_Plate011_1_003014,0.00047765375
AEC_Plate020_004023,0.00047751665
AEC_Plate001_014019,0.00047734976
AEB_Plate046_016024,0.0004772544
ALB_Plate001_2_007020,0.0004770994
AHA_Plate010_016024,0.0004768908
AEB_Plate007_009020,0.00047673582
ALB_Plate008_005018,0.00047616957
AEB_Plate030_2_007021,0.00047613384
AEC_Plate021_004001,0.00047578214
AEB_Plate004_001001,0.00047560333
ALB_Plate021_015017,0.00047554373
ALB_Plate023_1_001011,0.0004751146
ALB_Plate017_003016,0.0004750967
AEB_Plate004_016020,0.0004747212
ALB_Plate001_2_008016,0.00047451854
AEC_Plate002_014002,0.00047432183
AEB_Plate049_001022,0.00047404767
AEB_Plate018_005010,0.0004740417
AEB_Plate053_011021,0.00047388673
AEB_Plate007_016001,0.0004736483
AEB_Plate030_2_002002,0.0004735589
ALB_Plate023_2_007012,0.00047320127
AEB_Plate013_2_010022,0.00047271847
AHA_Plate009_1_011004,0.00047240258
AEC_Plate001_002010,0.00047238468
ALB_Plate025_015019,0.00047193764
ALB_Plate020_011005,0.0004718125
AEC_Plate022_014020,0.0004717648
AEC_Plate006_006002,0.00047163368
AEB_Plate007_006001,0.00047159792
AHA_Plate001_2_015005,0.00047150254
ALB_Plate010_1_002016,0.00047126412
AHA_Plate011_2_011021,0.0004711926
AEB_Plate054_006018,0.00047096013
AEB_Plate044_005003,0.00047085882
ALB_Plate020_003017,0.0004706621
AEB_Plate030_2_010024,0.0004705012
AEB_Plate054_003022,0.00047038792
AEB_Plate003_006001,0.00047037005
AEC_Plate032_002019,0.00047031045
AEB_Plate028_1_005023,0.00046978594
AEC_Plate032_012017,0.00046963096
AHA_Plate001_1_008024,0.000469625
AEB_Plate026_005001,0.000469172
ALB_Plate002_1_006024,0.000469172
ALB_Plate011_1_004007,0.00046904682
AHA_Plate009_1_013003,0.00046896338
AEB_Plate006_016024,0.000468719
ALB_Plate012_007022,0.00046846867
AEB_Plate007_016024,0.0004683733
ALB_Plate010_2_004006,0.0004683435
AHA_Plate005_016001,0.00046775938
ALB_Plate011_2_012020,0.0004675269
ALB_Plate020_005017,0.00046741366
AEB_Plate005_006002,0.0004673958
AEB_Plate007_016023,0.00046729445
AEB_Plate043_012020,0.0004671216
ALB_Plate010_2_006023,0.00046696662
ALB_Plate007_001005,0.00046666263
AEC_Plate015_011012,0.0004662335
ALB_Plate012_004016,0.00046607852
ALB_Plate016_010008,0.00046607852
ALB_Plate005_009006,0.00046570302
AHA_Plate009_2_015008,0.0004651129
ALB_Plate016_010022,0.00046498777
ALB_Plate017_015019,0.0004649043
ALB_Plate016_007013,0.0004648626
AEB_Plate054_014024,0.00046473145
ALB_Plate010_1_015022,0.00046446323
AEB_Plate030_2_002023,0.0004642725
AEB_Plate001_006008,0.00046417117
AEB_Plate013_1_005002,0.0004641533
ALB_Plate007_004018,0.00046393872
AEB_Plate039_004005,0.00046344398
ALB_Plate002_2_012012,0.00046336054
ALB_Plate023_2_013006,0.00046325923
AHA_Plate004_008020,0.00046323537
AEC_Plate031_002001,0.00046321153
AEB_Plate044_003023,0.0004630029
ALB_Plate001_1_012017,0.000462538
AHA_Plate010_010013,0.00046251417
ALB_Plate001_2_008006,0.0004623413
AHA_Plate009_1_005006,0.00046229362
AHA_Plate008_009013,0.00046213865
ALB_Plate016_006002,0.00046183466
ALB_Plate010_2_006022,0.0004614115
ALB_Plate023_1_002001,0.00046124458
AEB_Plate003_016002,0.0004612088
AEB_Plate043_005023,0.0004609704
AEB_Plate025_003023,0.0004606843
ALB_Plate002_2_010019,0.000460428
AEB_Plate015_011015,0.00046033264
ALB_Plate006_002005,0.00046011806
AEB_Plate005_016023,0.00046005248
ALB_Plate020_005012,0.00045996904
ALB_Plate010_1_004003,0.0004597783
ALB_Plate010_2_009014,0.00045971276
ALB_Plate010_2_006016,0.00045951008
ALB_Plate023_2_016021,0.0004590988
AEB_Plate013_1_004002,0.0004589975
ALB_Plate002_1_003020,0.00045894383
AEB_Plate002_011013,0.00045878888
AEC_Plate031_010006,0.00045866967
ALB_Plate023_2_016017,0.0004585743
ALB_Plate010_2_012004,0.00045852066
AEB_Plate025_010001,0.00045846106
ALB_Plate013_001011,0.00045821667
AHA_Plate010_015015,0.00045804976
ALB_Plate011_2_016007,0.00045788288
AEC_Plate004_006024,0.0004577875
ALB_Plate008_003021,0.00045772194
AEC_Plate003_016023,0.0004576087
AHA_Plate002_013016,0.00045743585
ALB_Plate022_1_008001,0.00045697688
ALB_Plate011_2_004023,0.00045662522
AEB_Plate028_2_002024,0.00045630336
ALB_Plate014_012012,0.00045610667
ALB_Plate019_011010,0.00045573115
ALB_Plate010_1_009009,0.00045531988
AEB_Plate030_2_002001,0.0004550159
AEB_Plate044_004014,0.00045496225
AHA_Plate009_1_004002,0.00045478344
ALB_Plate011_2_002005,0.0004547298
ALB_Plate010_2_002024,0.00045462846
AHA_Plate001_2_009009,0.00045395494
ALB_Plate022_1_001016,0.00045377613
AHA_Plate001_2_002002,0.0004537523
AEC_Plate023_003011,0.00045369862
AEC_Plate030_1_005004,0.00045304297
AEB_Plate058_005002,0.00045271515
ALB_Plate013_003013,0.0004526317
AEC_Plate002_016001,0.0004525602
ALB_Plate020_007015,0.00045254827
AHA_Plate008_013007,0.00045213103
AEB_Plate035_2_006007,0.00045202376
ALB_Plate019_005023,0.00045181514
AHA_Plate008_016002,0.00045179127
AEB_Plate013_2_003015,0.00045128464
ALB_Plate011_2_007021,0.0004512787
ALB_Plate010_1_004011,0.00045104622
AHA_Plate005_016002,0.0004509747
AEB_Plate060_005001,0.00045056938
AEB_Plate035_2_014004,0.00045053364
AEB_Plate040_004002,0.000450176
AEB_Plate021_010016,0.000449878
ALB_Plate020_011022,0.0004498482
ALB_Plate023_1_010017,0.00044979452
AEB_Plate043_014024,0.00044976472
AHA_Plate003_004015,0.00044962764
AEB_Plate049_012003,0.00044944286
AEB_Plate013_2_016002,0.00044941902
AHA_Plate001_1_007002,0.00044873357
AHA_Plate007_1_008022,0.00044872164
AEC_Plate030_2_008016,0.00044870973
ALB_Plate023_2_012024,0.00044867396
AEB_Plate013_2_004002,0.00044864416
AEB_Plate037_008004,0.0004486263
ALB_Plate007_007015,0.00044854282
ALB_Plate020_012019,0.00044854282
ALB_Plate011_1_013008,0.00044820906
ALB_Plate023_2_002002,0.00044786333
ALB_Plate024_009006,0.00044779776
AEB_Plate043_014003,0.00044764281
ALB_Plate009_006023,0.00044758915
AHA_Plate007_2_003018,0.00044755935
AHA_Plate009_1_005004,0.00044662357
AEB_Plate021_003023,0.00044593215
ALB_Plate020_013003,0.00044566393
AHA_Plate009_1_002001,0.00044563413
AEB_Plate014_005019,0.00044549108
ALB_Plate001_1_006024,0.00044547318
ALB_Plate024_006018,0.0004453957
AEC_Plate032_002002,0.00044516326
AEB_Plate034_009004,0.00044501424
ALB_Plate003_016023,0.0004449904
AEB_Plate062_016023,0.00044450164
AEC_Plate020_004024,0.00044434666
AHA_Plate010_011007,0.00044364334
ALB_Plate022_1_015010,0.0004435301
ALB_Plate002_1_010011,0.00044332148
ALB_Plate007_013008,0.00044321417
AEC_Plate014_004024,0.00044298172
ALB_Plate001_1_001012,0.00044288038
AHA_Plate001_1_007001,0.0004426241
AEC_Plate001_014001,0.00044257642
AEB_Plate035_2_004004,0.00044250488
AEC_Plate012_007001,0.00044236184
AEC_Plate021_004023,0.0004421115
AEB_Plate002_004006,0.00044167042
ALB_Plate021_008004,0.00044119358
AEC_Plate008_006023,0.00044095516
AEB_Plate020_014023,0.00044050813
AEB_Plate043_002024,0.00044050813
AHA_Plate003_006024,0.00043995382
AEB_Plate011_014019,0.0004397869
AEB_Plate040_002024,0.00043961406
AEB_Plate025_006013,0.00043958426
ALB_Plate001_2_016019,0.0004395783
AEB_Plate004_003004,0.00043936967
AEC_Plate013_001008,0.0004392624
ALB_Plate001_1_006003,0.0004391551
AEB_Plate056_004017,0.0004391253
AEB_Plate013_2_004023,0.0004391253
AEB_Plate025_005002,0.00043887497
ALB_Plate011_1_001014,0.00043860078
AEB_Plate024_007002,0.00043825508
AEB_Plate023_002024,0.0004381299
AEB_Plate030_2_002024,0.00043790936
AEB_Plate042_006004,0.00043789746
ALB_Plate023_2_012017,0.00043779015
ALB_Plate002_2_002003,0.00043776035
AHA_Plate007_1_009024,0.0004377067
AEB_Plate003_016022,0.00043725967
AEB_Plate029_1_016001,0.0004372418
ALB_Plate011_1_014022,0.00043722987
AEB_Plate043_005002,0.0004371345
AEB_Plate025_010002,0.0004370749
AEB_Plate024_003001,0.00043684244
AEC_Plate003_011020,0.00043678284
AEC_Plate022_004002,0.0004366994
AEC_Plate030_2_016004,0.00043644905
ALB_Plate022_1_002002,0.0004360318
AEC_Plate007_009008,0.0004360199
ALB_Plate002_1_012021,0.0004359603
AEB_Plate006_006023,0.0004359424
ALB_Plate019_003020,0.0004359305
AEB_Plate059_015008,0.0004357219
AHA_Plate001_1_002015,0.0004356086
ALB_Plate010_2_004024,0.00043559074
ALB_Plate011_2_016021,0.00043554307
AEB_Plate038_004023,0.00043550134
ALB_Plate014_002023,0.0004353583
AEC_Plate030_2_012022,0.00043511987
AEC_Plate030_2_010009,0.00043497086
AHA_Plate001_1_002013,0.00043482782
ALB_Plate001_1_011006,0.0004346192
ALB_Plate011_2_005021,0.00043460727
ALB_Plate013_001013,0.0004343152
ALB_Plate002_2_006005,0.00043394565
AHA_Plate001_1_001005,0.00043387414
ALB_Plate011_1_005018,0.00043376087
ALB_Plate002_1_014023,0.00043371916
AHA_Plate009_1_006024,0.00043348075
ALB_Plate019_002014,0.0004334569
AEC_Plate009_016016,0.00043302178
AEB_Plate063_011004,0.00043290854
AEB_Plate022_014024,0.0004328668
ALB_Plate022_2_009014,0.00043255687
AEB_Plate060_014023,0.00043253304
ALB_Plate012_001022,0.00043206214
AEC_Plate028_009013,0.00043199063
AHA_Plate011_1_010024,0.00043121577
AEC_Plate016_006002,0.00043118
AEC_Plate021_012009,0.00043106676
AEB_Plate045_011010,0.00043089985
ALB_Plate014_009011,0.00043087004
AEB_Plate048_012005,0.0004307747
AHA_Plate008_004004,0.00043035747
AEC_Plate029_009019,0.00042997004
AEB_Plate037_008015,0.00042976736
ALB_Plate007_005015,0.00042975546
AHA_Plate001_2_016005,0.00042970182
AEB_Plate054_011007,0.00042967795
ALB_Plate022_2_003020,0.00042966605
AEB_Plate011_014023,0.00042965412
ALB_Plate025_016024,0.000429523
AEB_Plate025_016002,0.00042926669
ALB_Plate023_2_003008,0.00042917728
AEC_Plate021_016007,0.0004291713
ALB_Plate011_2_007014,0.0004286468
AEB_Plate021_006012,0.00042840838
ALB_Plate003_001013,0.00042840242
ALB_Plate017_015008,0.00042838455
AEB_Plate030_1_011012,0.00042835475
ALB_Plate021_013007,0.00042754412
AEB_Plate011_002024,0.00042740704
AHA_Plate011_1_002002,0.00042708515
ALB_Plate001_2_003019,0.0004269898
AHA_Plate001_2_001004,0.000426656
ALB_Plate003_010003,0.00042653084
AHA_Plate009_2_002001,0.00042637586
ALB_Plate014_015011,0.0004262805
AHA_Plate001_1_009007,0.00042619705
ALB_Plate017_007005,0.00042616128
ALB_Plate003_008020,0.00042616128
ALB_Plate011_2_006009,0.00042604207
AEB_Plate005_001008,0.00042600036
AHA_Plate011_1_006023,0.0004259944
AEB_Plate014_002007,0.00042578578
ALB_Plate010_1_011005,0.00042543412
ALB_Plate021_001009,0.000425297
ALB_Plate011_2_006005,0.0004250586
AEB_Plate026_005024,0.00042499305
AEC_Plate003_012020,0.00042495728
ALB_Plate016_014018,0.00042454005
AEC_Plate001_016002,0.00042437314
ALB_Plate004_006002,0.0004243076
AHA_Plate002_016023,0.00042419432
AEC_Plate014_004006,0.00042368768
ALB_Plate020_004012,0.00042365195
ALB_Plate012_002007,0.00042356254
ALB_Plate005_016001,0.00042301416
AEC_Plate018_016006,0.0004229963
ALB_Plate001_2_004002,0.0004227638
AEB_Plate022_013015,0.00042237638
ALB_Plate001_2_001010,0.00042234064
ALB_Plate002_1_007004,0.00042204262
AEC_Plate030_1_013006,0.00042202472
AEB_Plate023_013011,0.0004217148
AEB_Plate030_1_016001,0.00042153
AHA_Plate001_2_012024,0.00042111278
AEC_Plate028_008011,0.00042103528
ALB_Plate003_016024,0.000420779
AEC_Plate002_016023,0.00042073132
AEB_Plate060_016007,0.000420624
AEB_Plate030_1_010002,0.0004203558
AHA_Plate001_1_003018,0.00042030812
ALB_Plate001_2_007014,0.00042027235
AEC_Plate032_002024,0.0004202187
AHA_Plate011_1_015007,0.00041980148
ALB_Plate016_002023,0.00041969417
AEB_Plate059_005002,0.0004196167
ALB_Plate021_010022,0.00041949152
AEB_Plate020_013015,0.00041936635
AEC_Plate030_1_006015,0.00041935444
ALB_Plate018_005012,0.000419271
AEC_Plate032_005010,0.00041921734
AEB_Plate038_008020,0.00041892528
ALB_Plate023_2_014024,0.0004189193
AEB_Plate004_010007,0.0004189193
ALB_Plate002_2_016007,0.0004189074
ALB_Plate010_2_011013,0.0004186392
ALB_Plate005_011012,0.00041844248
AEB_Plate032_004006,0.00041829346
ALB_Plate017_005012,0.00041810275
AEB_Plate013_1_002002,0.00041801334
AEB_Plate022_014002,0.00041789413
AEB_Plate063_005023,0.00041784643
AEB_Plate022_010002,0.0004178405
AEB_Plate002_003011,0.0004175961
AHA_Plate010_016005,0.00041741133
AEB_Plate006_016002,0.0004173577
ALB_Plate020_005023,0.00041729808
AEC_Plate030_1_001002,0.00041722058
AEB_Plate026_006002,0.00041720868
ALB_Plate019_005012,0.00041710137
AEB_Plate013_2_008020,0.00041703583
AEB_Plate014_003008,0.0004169941
ALB_Plate011_2_006023,0.00041660666
AEB_Plate029_2_009009,0.00041659473
AEB_Plate008_016001,0.00041627884
ALB_Plate008_005012,0.00041626097
AEC_Plate031_016020,0.00041624904
ALB_Plate022_2_010005,0.00041584374
AHA_Plate011_2_004001,0.00041566492
AEB_Plate025_015019,0.0004152477
AEC_Plate017_016021,0.0004151881
AEB_Plate038_002007,0.00041515828
AEC_Plate030_2_016017,0.0004150629
AEC_Plate011_006002,0.00041422248
ALB_Plate010_2_016011,0.00041410327
ALB_Plate012_002008,0.00041409134
ALB_Plate010_2_014004,0.00041403173
AEB_Plate047_005023,0.00041403173
AEB_Plate054_002002,0.00041382312
AEB_Plate027_006023,0.00041371584
ALB_Plate019_005024,0.0004135847
ALB_Plate001_2_006001,0.0004135132
ALB_Plate025_011015,0.00041282177
AEB_Plate044_014008,0.00041276813
AEB_Plate024_004005,0.00041201114
AEB_Plate060_005018,0.00041181446
ALB_Plate022_1_015014,0.00041173695
AEB_Plate024_010023,0.0004111588
AEB_Plate023_010002,0.00041091442
ALB_Plate023_2_013003,0.00041059256
AHA_Plate011_1_010002,0.00041059256
AEB_Plate024_012005,0.00041053296
ALB_Plate022_1_014005,0.00041025877
ALB_Plate023_2_001023,0.00041020513
AHA_Plate009_1_003007,0.00041016936
ALB_Plate002_1_016019,0.0004100919
ALB_Plate014_013007,0.00041000842
ALB_Plate014_016013,0.0004098475
AEB_Plate022_013016,0.00040978193
ALB_Plate009_016019,0.0004096806
ALB_Plate022_2_007012,0.00040960312
AEB_Plate023_007023,0.00040941237
AHA_Plate003_016017,0.00040912628
ALB_Plate022_2_007015,0.0004090607
ALB_Plate011_1_009011,0.00040872692
AEB_Plate035_2_005014,0.0004086554
AEB_Plate011_016013,0.00040864944
ALB_Plate011_2_002002,0.00040832162
AEB_Plate013_2_016007,0.00040826798
AEB_Plate036_001012,0.00040794016
AEC_Plate002_008024,0.00040787458
ALB_Plate020_003012,0.0004077196
AEB_Plate028_2_011013,0.0004076898
AEB_Plate045_012003,0.00040766
AEB_Plate013_1_008015,0.00040760636
AHA_Plate004_014015,0.00040745139
ALB_Plate011_2_012010,0.00040702225
ALB_Plate024_014023,0.00040688514
AEB_Plate057_006023,0.00040686727
AEB_Plate014_006017,0.00040683747
AHA_Plate010_005001,0.0004068315
AEC_Plate002_016024,0.00040662885
AHA_Plate001_1_011020,0.00040658712
AEB_Plate010_010018,0.00040655732
AEC_Plate017_016024,0.00040635467
AEB_Plate045_015024,0.00040621162
ALB_Plate002_1_011001,0.00040596724
ALB_Plate023_2_004015,0.0004058838
AEB_Plate019_002014,0.00040565728
AEC_Plate030_2_005024,0.0004054904
AEB_Plate030_1_011016,0.0004054308
ALB_Plate007_014014,0.00040531755
AEB_Plate011_016002,0.0004051864
AEB_Plate043_011008,0.00040510297
AEC_Plate031_005015,0.00040503143
AEB_Plate013_2_007014,0.00040487052
AEC_Plate028_006017,0.0004045546
AEB_Plate056_016012,0.00040453076
ALB_Plate017_005024,0.0004042685
ALB_Plate022_2_015009,0.00040408372
AEB_Plate046_002021,0.00040406585
AEB_Plate028_2_009001,0.00040404202
ALB_Plate011_2_011013,0.00040394664
AEC_Plate030_1_009011,0.0004037559
AEC_Plate007_006024,0.00040367246
AEB_Plate045_014001,0.00040352345
ALB_Plate013_004023,0.0004034102
ALB_Plate010_2_001008,0.00040331483
ALB_Plate017_004002,0.0004032731
ALB_Plate015_007019,0.00040299297
AEC_Plate015_009014,0.0004028678
AEB_Plate011_001008,0.00040225982
ALB_Plate010_2_014024,0.0004022479
AHA_Plate001_1_011009,0.0004020393
AEB_Plate035_2_013019,0.00040115713
AEC_Plate001_016001,0.00040101408
ALB_Plate007_014023,0.0004009962
ALB_Plate014_005009,0.00040098428
AEB_Plate013_2_014009,0.00040080547
ALB_Plate001_2_004001,0.00040079356
AEB_Plate013_2_016001,0.0004007399
ALB_Plate010_1_012016,0.00040041207
ALB_Plate002_2_007005,0.00040031076
ALB_Plate015_009005,0.00040031076
ALB_Plate011_2_004022,0.0004002452
AEB_Plate035_2_006024,0.00039998294
AEC_Plate002_002023,0.00039994717
AEC_Plate030_2_005002,0.00039981602
ALB_Plate008_011014,0.0003997922
AEC_Plate003_001016,0.00039973855
AEB_Plate019_005023,0.00039963127
ALB_Plate024_011006,0.0003996074
ALB_Plate007_003015,0.0003993869
AEB_Plate028_2_008017,0.00039936305
AEC_Plate023_002020,0.00039933325
ALB_Plate014_004010,0.00039908887
AEC_Plate031_013006,0.00039893985
ALB_Plate001_2_012022,0.0003989339
ALB_Plate014_008010,0.0003988385
AEC_Plate021_002016,0.0003987968
ALB_Plate020_011015,0.00039871334
AEB_Plate028_1_013010,0.00039862393
AHA_Plate008_016023,0.00039843918
AEB_Plate046_005023,0.00039836764
AHA_Plate011_1_011006,0.0003982067
AEB_Plate028_2_004022,0.00039778947
ALB_Plate002_1_004021,0.00039773583
AEC_Plate031_001021,0.00039759875
ALB_Plate023_1_010007,0.0003974259
AEC_Plate027_012010,0.0003973663
ALB_Plate002_2_002002,0.00039729476
ALB_Plate003_007023,0.00039721729
AEB_Plate030_2_016001,0.00039710998
AEB_Plate027_005001,0.00039708614
ALB_Plate001_2_002024,0.00039708614
ALB_Plate010_1_003020,0.0003969252
AEB_Plate055_006001,0.00039668678
AEB_Plate011_014011,0.00039642453
ALB_Plate010_2_002023,0.0003963709
AEC_Plate032_006006,0.00039636492
ALB_Plate010_2_014020,0.00039632322
AEB_Plate021_011006,0.00039630532
ALB_Plate001_1_009003,0.00039606093
AEB_Plate011_001020,0.00039600133
AHA_Plate001_2_003018,0.00039576888
AEB_Plate039_001017,0.000395751
ALB_Plate001_1_008006,0.00039567947
AEB_Plate022_010001,0.0003956437
AEB_Plate053_002002,0.000395602
AEB_Plate013_1_010022,0.00039471983
AEB_Plate022_010024,0.0003947139
ALB_Plate007_008021,0.00039464832
ALB_Plate018_005022,0.00039458275
ALB_Plate008_015012,0.00039448738
ALB_Plate021_005002,0.00039448738
AEC_Plate025_004006,0.00039446354
AHA_Plate002_016002,0.00039405227
AEB_Plate025_012017,0.00039370655
ALB_Plate018_012012,0.00039348603
AEB_Plate028_2_009004,0.0003932178
AEB_Plate017_003002,0.0003929913
ALB_Plate010_1_015011,0.00039294362
ALB_Plate002_2_011010,0.0003927648
ALB_Plate022_2_012005,0.00039266347
AEB_Plate008_003019,0.00039209722
ALB_Plate005_002002,0.00039183497
AEB_Plate013_2_002006,0.00039182307
AHA_Plate011_2_002023,0.00039170386
AEB_Plate055_001005,0.00039164425
AEB_Plate046_002002,0.0003912151
AEC_Plate002_016002,0.0003912151
ALB_Plate017_007011,0.00039107204
AEB_Plate027_005010,0.00039102434
ALB_Plate021_001023,0.0003910005
AEC_Plate010_007015,0.00039088726
ALB_Plate002_2_002001,0.00039082766
ALB_Plate002_1_016007,0.00039067268
AEB_Plate042_004021,0.0003906548
AEC_Plate030_2_006010,0.00039063097
AHA_Plate003_016023,0.0003905058
AEC_Plate026_2_016005,0.00039049386
AEB_Plate006_016001,0.00039013624
AEC_Plate005_006002,0.00039011837
ALB_Plate023_1_005022,0.00039001106
ALB_Plate007_011008,0.00038990975
AEC_Plate025_011005,0.00038984418
AEB_Plate023_004008,0.00038981438
ALB_Plate021_014004,0.00038951635
AEB_Plate046_016001,0.00038948655
AEB_Plate035_1_007016,0.0003890872
AEC_Plate023_007007,0.00038902758
AEC_Plate029_010015,0.00038890244
AEC_Plate004_002023,0.00038884283
AEB_Plate022_010013,0.00038876533
AHA_Plate003_012004,0.00038864015
ALB_Plate015_002024,0.00038847924
AEB_Plate012_016002,0.00038840174
AEB_Plate019_015015,0.0003882468
ALB_Plate009_014007,0.00038816332
ALB_Plate023_1_004015,0.00038784146
AEB_Plate048_016001,0.00038764477
ALB_Plate011_2_004024,0.00038758517
AEB_Plate007_016002,0.00038745403
AEB_Plate013_2_002001,0.0003874302
AHA_Plate007_1_013003,0.00038736462
AEB_Plate053_011016,0.00038713217
AEC_Plate032_016022,0.00038712024
AEB_Plate003_006002,0.00038688182
AHA_Plate004_005002,0.0003867328
ALB_Plate011_2_011003,0.0003867328
ALB_Plate025_008021,0.00038664936
AEB_Plate045_014016,0.00038651229
ALB_Plate023_1_006015,0.0003864467
ALB_Plate014_006001,0.00038644075
AEB_Plate042_016016,0.00038630964
AEB_Plate026_006023,0.0003859639
AHA_Plate003_012021,0.00038583874
AHA_Plate010_003011,0.0003857851
AEB_Plate030_1_012008,0.0003857553
ALB_Plate002_1_012010,0.0003855288
AHA_Plate009_2_002022,0.00038548707
AEB_Plate030_2_003013,0.0003854811
AEB_Plate054_004024,0.0003853202
AEC_Plate011_012007,0.00038524866
AEB_Plate029_2_016001,0.00038517118
AEB_Plate042_006001,0.00038514138
ALB_Plate023_2_004002,0.00038509368
ALB_Plate001_1_010017,0.00038481355
AEB_Plate023_008014,0.00038472415
ALB_Plate013_016021,0.00038461684
ALB_Plate002_2_013013,0.00038446783
ALB_Plate002_1_004016,0.00038440822
AEB_Plate045_002002,0.0003843546
AHA_Plate003_016002,0.00038434862
AEB_Plate030_2_008011,0.00038415194
ALB_Plate021_012019,0.0003841281
AEB_Plate028_2_016024,0.00038377047
AEC_Plate024_001024,0.00038362146
ALB_Plate022_2_006014,0.00038356186
AEC_Plate001_002023,0.00038353205
AHA_Plate009_1_003005,0.00038304925
AHA_Plate003_012015,0.00038304328
AEB_Plate040_003013,0.0003828585
ALB_Plate024_001013,0.0003828585
ALB_Plate017_013003,0.00038263798
AEB_Plate015_005024,0.00038259625
AHA_Plate009_1_008006,0.00038255454
ALB_Plate017_003008,0.00038236976
AHA_Plate001_1_009015,0.00038225652
AEB_Plate003_015012,0.00038216115
ALB_Plate006_016008,0.00038214325
AHA_Plate009_2_002002,0.00038186312
ALB_Plate014_007017,0.00038180948
AHA_Plate004_016024,0.00038178562
AEB_Plate043_008011,0.00038155317
ALB_Plate023_2_003020,0.00038155317
ALB_Plate018_004015,0.00038149953
AEB_Plate044_002004,0.00038132668
AEB_Plate013_2_016015,0.0003810525
ALB_Plate023_1_001007,0.00038103462
AEB_Plate026_003009,0.00038094522
ALB_Plate023_2_004019,0.00038081408
AEB_Plate034_014002,0.0003806591
AEB_Plate003_004017,0.00038052202
ALB_Plate001_2_013013,0.00038045048
ALB_Plate024_011019,0.0003804147
AHA_Plate001_1_014023,0.0003801048
AEB_Plate031_002023,0.00037996768
ALB_Plate024_010006,0.00037980676
AHA_Plate001_1_012016,0.00037979483
AEB_Plate009_016023,0.00037972926
ALB_Plate022_2_007006,0.0003796816
AHA_Plate001_2_007007,0.0003795743
AEB_Plate032_008008,0.0003795743
ALB_Plate018_015013,0.00037955045
ALB_Plate014_002014,0.00037955045
AEB_Plate014_012007,0.00037909747
AEB_Plate003_010008,0.00037875175
AHA_Plate009_1_002024,0.00037864447
AEC_Plate017_005023,0.00037851333
ALB_Plate019_015006,0.0003782451
AHA_Plate008_014024,0.0003781438
AHA_Plate001_2_007013,0.00037803053
ALB_Plate023_2_003012,0.00037800072
AEC_Plate023_007018,0.00037790538
AEC_Plate001_016023,0.00037784578
AEB_Plate045_014020,0.0003776908
ALB_Plate004_002018,0.00037735104
ALB_Plate001_2_007006,0.00037734507
ALB_Plate002_2_007016,0.00037730933
ALB_Plate024_007017,0.00037730337
ALB_Plate016_002001,0.0003770113
ALB_Plate023_2_011004,0.0003770113
AHA_Plate007_1_013020,0.00037679076
AEC_Plate011_006001,0.00037622452
ALB_Plate023_1_016018,0.00037615895
ALB_Plate001_2_005015,0.00037583112
AEC_Plate030_2_002024,0.00037579535
ALB_Plate023_2_011008,0.00037574768
AEB_Plate042_011022,0.00037570595
ALB_Plate011_1_001012,0.0003756702
AEB_Plate008_006002,0.00037557483
AEB_Plate001_012003,0.0003754914
AEB_Plate015_005004,0.000375247
AEB_Plate047_014013,0.00037484168
ALB_Plate011_1_016015,0.0003746748
AEB_Plate020_014001,0.0003744006
ALB_Plate015_004002,0.0003742397
AEC_Plate002_015022,0.00037410855
ALB_Plate001_2_010013,0.000373888
AHA_Plate009_2_014009,0.00037387013
AEC_Plate013_006023,0.00037383437
ALB_Plate024_002023,0.0003738284
AHA_Plate001_1_009009,0.0003738284
AEB_Plate033_016002,0.0003738165
AEC_Plate030_1_002002,0.00037344694
ALB_Plate010_2_004023,0.00037339926
AHA_Plate003_005002,0.00037331582
AEC_Plate030_2_002002,0.0003733039
ALB_Plate024_002024,0.00037312508
ALB_Plate014_006014,0.0003731191
AEB_Plate028_1_005005,0.0003731191
ALB_Plate024_007011,0.00037293433
ALB_Plate016_010012,0.00037276745
AEC_Plate032_006024,0.00037273168
AEB_Plate041_007007,0.00037264824
AEB_Plate013_2_014023,0.0003725648
AEC_Plate029_006001,0.00037235022
AEC_Plate030_2_002001,0.00037227868
AEC_Plate015_004024,0.00037201046
AEB_Plate056_008019,0.00037181377
AEB_Plate014_004024,0.0003717959
ALB_Plate001_1_004001,0.00037163496
AEC_Plate028_003010,0.00037156342
ALB_Plate009_013003,0.00037146808
ALB_Plate010_2_003016,0.00037131907
AEC_Plate030_2_002023,0.0003713131
ALB_Plate002_2_007002,0.00037127137
ALB_Plate014_007009,0.00037118196
AHA_Plate009_2_004005,0.00037114025
AEB_Plate023_014002,0.0003710389
AHA_Plate011_1_005004,0.00037096738
ALB_Plate004_015004,0.00037072896
AEB_Plate019_014001,0.00037067532
ALB_Plate002_2_004016,0.00037066342
ALB_Plate004_006024,0.00037063955
AHA_Plate003_004019,0.00037053227
AEC_Plate003_008004,0.00037053227
AEB_Plate047_005002,0.00037050844
AEB_Plate041_014005,0.0003702581
AHA_Plate009_2_013009,0.00037021638
ALB_Plate010_2_005005,0.00037018658
AEB_Plate059_002002,0.00036984682
AEC_Plate002_001003,0.00036981702
AEB_Plate027_016024,0.00036976338
ALB_Plate022_1_002023,0.0003696978
AEB_Plate057_004024,0.0003696084
AEC_Plate018_002020,0.00036959647
ALB_Plate022_1_016013,0.0003694892
ALB_Plate011_2_011020,0.00036926864
AEB_Plate012_003013,0.00036925674
AEB_Plate052_004023,0.00036904812
AHA_Plate003_002020,0.00036900042
ALB_Plate024_005004,0.00036900042
ALB_Plate012_013006,0.00036889315
AEB_Plate033_006014,0.0003688812
ALB_Plate007_016001,0.00036879777
ALB_Plate011_1_007014,0.0003687203
ALB_Plate016_004010,0.00036869646
ALB_Plate011_1_004012,0.00036856532
ALB_Plate003_004020,0.00036855935
AEC_Plate002_002003,0.00036844015
ALB_Plate010_1_011013,0.00036841034
ALB_Plate023_1_002002,0.0003683865
ALB_Plate002_1_016024,0.00036826133
AEB_Plate013_2_006020,0.00036824943
AHA_Plate001_1_002002,0.00036812425
AEB_Plate029_2_006024,0.00036798714
AHA_Plate002_011015,0.00036792754
ALB_Plate020_011007,0.0003675282
AEC_Plate004_006002,0.0003673315
ALB_Plate017_015011,0.00036730766
AEB_Plate052_006002,0.0003672719
AEB_Plate033_004015,0.00036708714
AEB_Plate035_1_006007,0.00036694406
AEC_Plate026_2_008007,0.00036688446
AHA_Plate001_2_014002,0.00036681892
AEC_Plate002_010019,0.00036670564
AEC_Plate026_1_014001,0.0003666818
AEB_Plate004_002001,0.00036657453
AEB_Plate029_1_016023,0.00036646723
ALB_Plate022_2_016019,0.00036645532
AEC_Plate026_2_014002,0.0003659129
ALB_Plate023_2_004020,0.00036581157
ALB_Plate016_003022,0.00036571623
ALB_Plate023_2_007023,0.00036545395
AEB_Plate032_003018,0.00036536454
ALB_Plate002_2_003007,0.00036525726
AEB_Plate020_014002,0.0003652394
AEB_Plate032_012010,0.00036519766
AHA_Plate003_006008,0.00036514402
AHA_Plate001_1_002024,0.00036503078
AEC_Plate028_016009,0.00036497117
AEC_Plate024_011007,0.00036455394
ALB_Plate010_1_011003,0.0003644824
ALB_Plate011_2_005010,0.00036447644
AEB_Plate055_002016,0.00036440493
ALB_Plate025_016022,0.00036385655
AEB_Plate030_2_008022,0.0003637135
AEC_Plate003_016002,0.0003636956
AEB_Plate043_014002,0.00036361217
AHA_Plate001_2_008008,0.0003635168
AHA_Plate003_002001,0.00036346912
AHA_Plate008_014003,0.00036301612
AHA_Plate009_1_011006,0.00036292075
AEB_Plate047_010016,0.0003627777
ALB_Plate010_2_006024,0.00036267043
ALB_Plate010_1_016011,0.00036264063
AEB_Plate008_016024,0.00036261082
AEB_Plate030_1_002013,0.00036259292
AEC_Plate011_006024,0.00036255718
ALB_Plate012_004002,0.00036252142
ALB_Plate016_005024,0.00036236644
AEB_Plate015_014024,0.00036228896
AEB_Plate017_004002,0.00036224126
AEB_Plate009_009007,0.0003620386
AHA_Plate004_005014,0.00036203265
ALB_Plate001_1_006023,0.00036195517
AEB_Plate010_016001,0.00036193727
AEB_Plate039_016008,0.00036179423
ALB_Plate011_2_011014,0.00036175252
ALB_Plate025_001010,0.0003617406
ALB_Plate011_2_016005,0.00036172272
AEC_Plate015_009020,0.00036162138
AEB_Plate037_004023,0.00036159158
ALB_Plate018_006004,0.0003614843
AHA_Plate001_1_001008,0.00036128162
AHA_Plate004_001008,0.00036103727
AEC_Plate018_003013,0.0003610313
AEB_Plate006_003004,0.00036102533
AHA_Plate001_2_014020,0.00036093593
AEC_Plate013_001010,0.00036080478
AEB_Plate019_016015,0.00036074518
AEB_Plate005_016002,0.00036072134
AEB_Plate009_002001,0.00036059617
ALB_Plate003_016001,0.00036039352
AEB_Plate059_006024,0.0003598809
ALB_Plate011_2_014001,0.00035976767
ALB_Plate015_011015,0.0003596723
AEB_Plate026_016024,0.00035933853
ALB_Plate017_011018,0.00035922526
AHA_Plate001_1_001010,0.00035905838
ALB_Plate022_1_016007,0.000358963
AHA_Plate007_1_012008,0.00035867692
ALB_Plate002_2_004024,0.00035865902
AHA_Plate009_2_001015,0.0003585875
ALB_Plate019_004002,0.0003585279
AHA_Plate011_1_007019,0.0003584206
AEC_Plate031_012010,0.00035838486
AEB_Plate035_2_006003,0.00035836696
AHA_Plate002_002002,0.00035812854
ALB_Plate023_1_015009,0.00035812854
AEB_Plate056_004024,0.00035791396
AHA_Plate010_014024,0.0003577292
AEC_Plate002_001007,0.00035767554
ALB_Plate007_002001,0.0003573179
ALB_Plate023_1_007012,0.00035729408
AEB_Plate024_003024,0.00035724044
AEB_Plate046_001006,0.0003571391
AEB_Plate062_004024,0.00035699605
AEC_Plate028_007014,0.00035668016
AHA_Plate009_1_001007,0.0003566444
ALB_Plate006_004007,0.0003565848
AEB_Plate013_2_014018,0.00035657882
AEC_Plate023_013005,0.00035656095
AHA_Plate009_2_004024,0.00035654305
AHA_Plate004_006024,0.00035634637
ALB_Plate019_009004,0.00035613775
ALB_Plate001_2_016005,0.00035603048
AEC_Plate011_014021,0.00035597087
AEB_Plate026_016023,0.0003559172
AEB_Plate022_008007,0.00035579206
AEC_Plate030_1_003016,0.0003557861
ALB_Plate010_2_013022,0.0003557563
AEC_Plate007_008006,0.00035567879
AEB_Plate003_006024,0.00035567285
ALB_Plate021_008021,0.00035555958
AEC_Plate008_014023,0.00035510064
ALB_Plate003_004002,0.00035502313
AEB_Plate035_2_001001,0.00035501123
AEB_Plate030_2_001015,0.00035461783
AEB_Plate013_2_004024,0.00035443902
ALB_Plate011_2_006017,0.0003544271
AEB_Plate054_007017,0.00035421253
ALB_Plate009_002017,0.0003542006
AEB_Plate019_016009,0.000354141
AEB_Plate004_012007,0.0003540218
AEC_Plate031_016012,0.00035398005
AEC_Plate008_008011,0.00035393238
ALB_Plate013_004010,0.00035389065
AEB_Plate042_006023,0.00035384297
AEB_Plate003_016008,0.000353837
AEB_Plate051_016024,0.00035369396
AEB_Plate025_001016,0.0003536761
AEB_Plate003_001001,0.00035347938
AEB_Plate049_010016,0.00035330057
ALB_Plate023_1_003023,0.00035321116
ALB_Plate011_2_008013,0.0003532052
AEB_Plate038_010011,0.00035305618
ALB_Plate023_1_014002,0.0003530085
AEB_Plate039_009021,0.00035280586
AEB_Plate011_016024,0.00035279393
AHA_Plate001_2_014008,0.00035265088
ALB_Plate022_1_002024,0.00035260915
AHA_Plate004_016015,0.00035251974
AHA_Plate011_1_001005,0.0003524959
AEC_Plate021_015022,0.00035240053
AHA_Plate006_016002,0.0003523767
AEB_Plate013_2_002023,0.0003523469
AHA_Plate009_1_012021,0.00035227538
ALB_Plate023_2_014010,0.00035226345
AEB_Plate041_004002,0.00035205483
AEC_Plate028_012018,0.00035201907
AEC_Plate027_016001,0.00035195946
AEB_Plate038_016024,0.00035163164
AEB_Plate035_2_007013,0.0003513038
ALB_Plate002_2_004018,0.00035097598
AEB_Plate038_003005,0.0003507495
AEB_Plate012_016004,0.00035072566
AEB_Plate035_1_016001,0.000350672
ALB_Plate022_2_015005,0.00035061836
AEB_Plate041_005002,0.00035056472
ALB_Plate011_1_008005,0.00035054685
ALB_Plate023_2_009010,0.00035049915
AEB_Plate029_2_010003,0.00035048128
AEB_Plate055_008015,0.00035037994
AEB_Plate006_008005,0.0003502667
AHA_Plate001_1_002012,0.00035015942
AHA_Plate001_2_011004,0.00035001634
AEB_Plate046_013012,0.00034987926
ALB_Plate011_2_008012,0.00034981966
ALB_Plate024_013003,0.00034971238
AHA_Plate005_016004,0.00034962298
ALB_Plate011_2_001020,0.00034961104
AEB_Plate063_005024,0.00034959317
ALB_Plate017_015003,0.0003495872
AHA_Plate002_009015,0.00034942626
AHA_Plate003_002023,0.00034928322
AEC_Plate031_016021,0.00034925342
AEB_Plate059_016022,0.00034909844
ALB_Plate001_2_006024,0.00034908057
AHA_Plate008_016024,0.0003490448
AEB_Plate055_014007,0.00034903287
AEB_Plate046_006024,0.00034858583
AEB_Plate033_006006,0.00034844875
ALB_Plate017_003021,0.00034838318
AEB_Plate021_010007,0.00034822227
ALB_Plate007_013006,0.00034818053
AHA_Plate001_1_002001,0.00034814476
AEB_Plate012_014002,0.00034798385
AEC_Plate001_007019,0.00034772157
AEB_Plate031_016011,0.00034757852
ALB_Plate023_2_005021,0.00034747124
AHA_Plate001_2_012009,0.00034740567
ALB_Plate011_2_010013,0.00034697057
AEC_Plate026_2_004006,0.00034697057
AEB_Plate019_011015,0.00034692883
AEC_Plate017_006024,0.00034670235
AHA_Plate001_2_001010,0.00034661888
AEB_Plate048_005024,0.00034638046
AHA_Plate004_016023,0.0003463328
AEC_Plate014_005008,0.00034621358
AEB_Plate057_002001,0.0003460467
AEB_Plate029_2_007006,0.00034585595
AEB_Plate038_016011,0.00034581422
AEB_Plate048_016004,0.0003457725
ALB_Plate020_005024,0.0003457725
AEC_Plate022_009022,0.0003457725
ALB_Plate002_2_001008,0.0003456354
AEB_Plate035_2_002002,0.00034554006
AHA_Plate006_005002,0.00034540295
ALB_Plate018_004022,0.00034523607
AEC_Plate030_1_014002,0.0003452301
AHA_Plate006_005023,0.0003451407
ALB_Plate022_2_013011,0.00034509896
ALB_Plate003_009019,0.0003450811
AEB_Plate023_003001,0.00034494995
AEC_Plate007_007018,0.00034490824
AEB_Plate021_011008,0.00034487247
ALB_Plate001_2_004009,0.00034481287
ALB_Plate003_002001,0.0003448069
AEB_Plate002_006011,0.0003447354
ALB_Plate023_1_001021,0.0003446579
AHA_Plate004_002023,0.00034453272
AEC_Plate030_2_011006,0.00034444928
AEC_Plate024_004013,0.0003442943
AEC_Plate021_009011,0.00034425856
AEB_Plate031_007022,0.00034412145
ALB_Plate010_2_004002,0.00034402014
AHA_Plate007_1_008014,0.00034398437
AEC_Plate023_008019,0.00034391283
AEB_Plate055_006002,0.00034387113
AEB_Plate030_1_003002,0.00034382343
ALB_Plate018_001005,0.0003435433
AEB_Plate046_005002,0.00034353137
ALB_Plate001_2_008001,0.00034350157
AEC_Plate010_004003,0.00034343003
AEB_Plate030_2_016024,0.00034335256
AEB_Plate003_006023,0.0003431916
ALB_Plate022_2_011023,0.00034307837
ALB_Plate011_1_001019,0.00034306647
AEB_Plate030_2_007012,0.0003430605
AHA_Plate001_2_004004,0.00034297706
ALB_Plate019_011019,0.00034297706
ALB_Plate024_015006,0.00034293532
AEC_Plate002_016006,0.00034288169
AHA_Plate009_1_016023,0.0003427863
AEC_Plate031_006024,0.00034276844
ALB_Plate024_005013,0.0003427565
AEB_Plate046_005004,0.00034269094
ALB_Plate024_003002,0.00034258366
ALB_Plate012_013003,0.00034246445
AHA_Plate011_2_002001,0.00034244655
AEB_Plate001_008001,0.0003423631
ALB_Plate011_2_012008,0.00034235715
ALB_Plate005_012014,0.0003421724
AHA_Plate011_1_007003,0.00034198762
AEB_Plate012_002010,0.00034197568
AEB_Plate006_016023,0.00034167766
AEB_Plate024_007015,0.00034159422
ALB_Plate003_016006,0.00034157635
AEB_Plate051_016002,0.00034151078
ALB_Plate001_2_010009,0.00034145714
AEC_Plate022_006011,0.00034145714
ALB_Plate022_2_002004,0.00034139157
AEC_Plate016_006001,0.0003412962
ALB_Plate014_016012,0.00034111142
AEB_Plate045_008009,0.00034108758
ALB_Plate022_1_001006,0.00034103394
AEC_Plate023_001003,0.00034102798
AEB_Plate032_013015,0.000341022
ALB_Plate023_1_005014,0.00034097434
ALB_Plate023_2_006001,0.00034079552
ALB_Plate002_2_014001,0.00034038426
AEB_Plate009_016002,0.00034036636
AHA_Plate001_1_014001,0.00034023524
AHA_Plate001_2_002024,0.00033997893
AEB_Plate035_1_012010,0.00033994316
AEC_Plate032_006007,0.00033993126
ALB_Plate022_2_009009,0.00033986568
ALB_Plate023_2_008024,0.00033985375
ALB_Plate023_1_007023,0.00033974648
AEC_Plate014_008021,0.00033973454
ALB_Plate002_1_016018,0.0003396988
AEC_Plate030_2_012019,0.00033957363
ALB_Plate021_007018,0.0003394902
AEB_Plate027_016002,0.00033938885
ALB_Plate005_007012,0.00033929944
ALB_Plate001_1_007007,0.00033925177
ALB_Plate015_012011,0.0003391981
AHA_Plate008_006013,0.00033917426
ALB_Plate011_2_010009,0.0003390372
ALB_Plate015_010011,0.00033900142
ALB_Plate002_2_012008,0.0003389418
ALB_Plate022_2_007017,0.00033878087
